0,board,captain,ship,vessel,boat,sea,port,steamer,vessels,capt,
1,meeting,audience,evening,douglass,people,speech,hall,made,lecture,present,
2,time,made,found,left,place,day,return,received,immediately,told,
3,hundred,thousand,dollars,twenty,years,ten,year,fifty,thirty,number,
4,mr,gentleman,made,gentlemen,thought,called,time,man,asked,read,
5,state,law,laws,act,states,citizens,person,persons,united,legislature,
6,love,heart,life,mind,happiness,feelings,world,affection,father,happy,
7,friends,aid,fair,money,work,make,means,committee,time,funds,
8,england,british,lord,west,london,india,great,english,canada,colonies,
9,house,man,shot,negro,murder,mob,night,city,arrested,men,
10,heart,life,love,death,soul,heaven,earth,hope,grave,tears,
11,bright,flowers,light,sweet,beauty,sun,summer,beautiful,fair,green,
12,present,general,great,time,means,character,subject,part,fact,attention,
13,white,dress,silk,black,round,row,plain,lace,long,chain,
14,boston,mass,rev,john,wm,george,salem,charles,samuel,esq,
15,year,amount,money,cotton,increase,cent,pay,population,interest,states,
16,slavery,anti,abolitionists,american,society,abolition,pro,slave,liberty,garrison,
17,cure,disease,health,medical,medicine,dr,diseases,remedy,blood,treatment,
18,good,time,make,people,thing,things,great,give,thought,find,
19,city,house,feet,room,building,street,place,streets,large,stone,
20,ll,don,good,em,ve,de,ye,time,tom,make,
21,table,address,cents,free,send,gold,agents,price,broadway,mail,
22,mrs,miss,lady,young,room,dear,lucy,evening,wife,girl,
23,eyes,face,hand,moment,voice,stood,looked,door,man,turned,
24,temperance,smith,good,men,law,rum,great,reform,liquor,drink,
25,fire,railroad,city,train,boston,cars,company,york,road,accident,
26,united,government,states,american,cuba,foreign,british,treaty,trade,president,
27,mrs,miss,mary,sarah,elizabeth,maria,ann,jane,ladies,harriet,
28,woman,women,children,wife,husband,female,child,men,mother,marriage,
29,labor,work,poor,people,land,condition,men,industry,laborers,wealth,
30,john,james,william,brown,thomas,henry,rev,george,esq,wm,
31,resolved,committee,convention,resolutions,meeting,resolution,adopted,report,president,appointed,
32,table,york,duty,free,street,fair,ad,cotton,good,cent,
33,frank,york,leslie,illustrated,table,newspaper,street,news,paper,cents,
34,slavery,unitedstates,regard,thatthe,theunited,thesouth,theunion,thenorth,theconstitution,freedom,
35,house,congress,district,petition,representatives,adams,legislature,petitions,people,columbia,
36,mother,child,father,home,face,heart,eyes,dear,love,day,
37,war,president,government,rebellion,lincoln,union,states,country,loyal,men,
38,music,theatre,mr,musical,success,great,week,opera,public,evening,
39,nature,human,world,life,mind,man,moral,truth,power,knowledge,
40,letter,office,post,letters,received,written,send,addressed,department,general,
41,good,day,home,time,house,dinner,pleasant,ladies,company,days,
42,society,meeting,friends,held,annual,county,anti,present,members,meetings,
43,miles,land,river,country,great,west,indian,lake,mountains,indians,
44,king,ancient,roman,rome,great,time,catholic,history,called,made,
45,blood,battle,brave,hand,fire,sword,field,strong,fight,mighty,
46,cents,corn,flour,wheat,american,advance,made,paper,white,sales,
47,lady,beautiful,art,book,work,ladies,picture,number,fine,artist,
48,south,north,union,southern,northern,states,carolina,slavery,rights,people,
49,ohio,philadelphia,mass,office,york,miller,penn,standard,thomas,free,
50,people,country,war,nation,great,national,peace,american,government,world,
51,boston,massachusetts,mr,webster,applause,speech,slave,fugitive,law,sumner,
52,gen,general,army,men,troops,soldiers,enemy,regiment,rebel,battle,
53,mr,bill,house,senate,committee,motion,senator,resolution,vote,question,
54,garrison,phillips,anti,slavery,parker,foster,liberator,lloyd,wendell,wm,
55,america,american,country,hear,cheers,thompson,great,england,ireland,united,
56,head,dog,tree,animal,long,bird,black,dogs,young,birds,
57,french,france,russia,paris,england,emperor,austria,london,government,europe,
58,horse,side,time,night,water,back,feet,left,moment,head,
59,bad,left,negro,negroes,newyork,tribune,thatthe,harper,back,ferry,
60,york,state,ohio,virginia,county,city,washington,kentucky,cincinnati,journal,
61,don,ll,door,good,room,head,back,put,night,poor,
62,texas,mexico,war,states,united,annexation,california,mexican,government,country,
63,sir,gentlemen,gentleman,dear,give,time,country,make,hope,friend,
64,men,public,conduct,character,spirit,press,contempt,indignation,attempt,mob,
65,party,democratic,whig,free,vote,political,election,parties,convention,democracy,
66,thy,thou,thee,love,ye,er,hath,heart,thine,art,
67,york,table,broadway,st,street,price,sewing,cents,machines,machine,
68,states,slavery,congress,constitution,united,state,territory,union,power,government,
69,political,great,power,public,influence,present,system,interests,progress,men,
70,water,put,half,sugar,pound,cold,milk,salt,add,butter,
71,man,men,great,make,good,true,god,life,thing,speak,
72,water,iron,made,feet,form,air,small,surface,inches,called,
73,dr,rev,york,doctor,jan,observer,tom,beecher,tract,uncle,
74,de,prince,paris,french,king,st,la,queen,count,madame,
75,friends,friend,good,hope,great,feel,dear,noble,spirit,long,
76,man,house,boy,money,master,wife,father,young,children,years,
77,chess,ed,white,game,black,move,time,con,give,play,
78,church,churches,rev,christian,ministers,conference,minister,religious,members,bishop,
79,school,education,schools,children,young,college,institution,instruction,teachers,teacher,
80,court,case,judge,law,trial,jury,fugitive,justice,decision,supreme,
81,kansas,state,governor,people,election,missouri,president,legislature,republican,free,
82,hair,boston,world,allen,mrs,rev,gray,street,register,years,
83,paper,editor,era,press,journal,subscribers,number,herald,papers,published,
84,question,subject,opinion,public,duty,views,action,matter,regard,opinions,
85,evening,clock,day,sunday,saturday,morning,monday,tuesday,friday,city,
86,read,genius,author,poet,english,literary,writer,written,language,poetry,
87,christian,moral,men,man,human,god,principles,evil,sin,religion,
88,death,man,crime,punishment,life,prison,murder,blood,law,guilty,
89,freedom,liberty,free,god,land,slave,human,slavery,humanity,rights,
90,justice,god,ear,question,yon,ihave,oar,bat,humanity,power,
91,street,philadelphia,books,goods,hand,prices,store,cases,assortment,attention,
92,colored,people,white,color,black,free,colonization,race,country,men,
93,god,christ,lord,bible,day,jesus,holy,christian,faith,spirit,
94,article,truth,letter,fact,facts,true,statement,made,charge,false,
95,book,work,volume,author,published,price,york,sale,pages,books,
96,law,constitution,government,rights,power,laws,property,liberty,people,authority,
97,slave,slaves,slavery,free,master,negroes,states,property,slaveholders,emancipation,
98,years,death,died,age,life,year,family,time,aged,son,
99,man,young,added,replied,friend,observed,time,continued,sir,exclaimed,
