1830.PA-09.24.PHIL.txt,J.W. Allen,Bishop Allen,Cyrus Black,Junius C. Morel,Benjamin Paschall,James Cornish,Allen,Richard Allen,Belfast Burton,Robert Cowley,Wm. S. Whipper,Peter Gardiner,John Allen,James Newman,Charles H. Leveck,Frederick A. Hinton,Austin Steward,Jos. Adams,George L. Brown,C. Augustus,George C. Willis,Alfred Niger,James Deavour,Hezekiah Grice,Aaron Willoon,Abraham D. Shad,Arthur M. Waring,Wm. Duncan,James West,Robert Brown,William Rogers,John Bowers,Richard Howell,Daniel Peterson,Charles Shorts,Leven Williams,James P. Walker,John Robinson,Samuel Todd,John Arnold,Sampson Peters,Anthony Campbell,Don Carolos Hall,Rob,Brown,Daniel D. Brownhill,William Whipper,John P. Thompson,Samuel D. Potts,James Johnson,John P. Burr,Scipio Sewell,Porter,Joseph Cassey,Shedrich Basset,James Gibson,Jeremiah Bowser,Richard B. Johnson,Henry Beckett,Peter Mcneal,James Bird,Abraham Williams,Daniel B. Brownhill,John B. Sammons,Charles W. Gardner,Thomas Butler,Messrs.Samuel Nickels,William James,Thomas Channock,William C. West,Robert Johnson,Joshua Brown,Edward Johnson,G. Laws,Samuel Combegy,John Dutton
1831.PA-06.06.PHIL.txt,Belfast Burton,William Whipper,John Bowers,James Cornish,Junius C. Morel,Wm. Whipper,Wm. Miller,Henry Sipkins,L. Jennings,Wm. Hamilton,James Pennington,Abner Coker,Robert Cowley,Abraham D. Shad,Peter Gardiner,Wm. Duncan,W. Miller,William Duncan,Willliam Whipper,Charles W. Gardiner,Samuel Todd,Morel,Duncan,Cowley,Jennings,S. S. Jocelyn,Arthur Tappan,Benjamin Lundy,William L. Garrison,Thomas Shipley,Charles Pierce,Jocelyn,Tappan,Garrison,New-Haven,Samuel E. Cornish,Hosea Reiston,Robert Roberts,James G. Barbadoes,Samuel Snowden,Peter Williams,Philip Bell,Thomas Downing,Peter Voglesang,Joseph Cassey,Robert Douglass,James Forten,Richard Howell,Robert Purvis,Thomas Green,James P. Walker,Samuel G. Mathews,Isaac Whipper,Samuel Hiner,Biars Stanley,John Creed,Alexander C. Luca,L. I. -- Jacob Deyes,Henry Thomson,Willis Jones,Peter Spencer,Jacob Morgan,William S. Thomas,Benjamin Latimore,Schuyler,Francis March,D. C. -- William Jackson,Arthur Waring,Isaac Carey,Charles Butler,Jared Grey,Carlisle,John Peck,Rowland G. Roberts,Dennis Berry,John B. Vashon,Lewis Gardiner,Abraham Lewis,N. J.,Peter Petitt,Charles Anderson,Adam Ray,Sampson Peters,Leonard Scott,Frederick A. Hinton,Joseph Casey,Charles H. Leveck,Thomas L. Jennings,Henry H. Mondy,Abner Cocker,George C. Willis,Alfred Niger,William Wormley,John W. Prout,James Wilkins,Scipio C. Augustus,Charles Hatfield,John Liverpool,John P. Thompson,Shipley,Lundy,Peirce,Long-Island,Lewis G. Wells
1832.PA-06.04.PHIL.txt,Benj,Paschal,Butler,C. Matthews,John Bowers,Junius C. Morel,Charles W. Gardner,John B. Vashon,Benjamin Paschal,William Whipper,F. A. Hinton,J. C. Morel,Carlisle,John Peck,Samuel Johnson,William Hamilton,Henry Sipkins,Thomas L. Jennings,Philip A. Bell,James Pennington,Joseph Burton,William Johnson,Jacob Morgan,Peter Gardiner,D. Shad,Samuel Elliott,Robert Cowley,Samuel Hiner,Thomas D. Coxsin,Thomas Banks,Aaron Roberts,Hosea Easton,Nathan Johnson,Paul Drayton,Scipio C. Augustus,Ichabod Northrop,Frederick A. Hinton,Charles H. Leveck,Sipkins,C. W. Gardner,John Dowers,L. Jennings,R. R. Gurley,Brackenridge,Abraham,Pennington,Gurley,Hamilton,Bell,Wm. Hamilton,T. D. Coxsin,Wm. Whipper,Abraham D. Shad,Wm. Lloyd Garrison,Vashon,Thomas Shipley,Coxsin,Jennings,Johnson,Peck,Cowley,Morel,Elliot,Roberts,Hiner,A. D. Shad,P. M.,Easton,Patterson,Garrison,Evan Lewis,Andrew Jackson,Thos,Jackson,Jolin B. Vashon,C. W Gardner,T. Coxsin,Henrv Slpkins,Cor,G. Barbadoes,V. P. -- H. H. Mauday,C. Willis,Alfred Niger,C. Augustus,Peter Osborn,John Liverpool,V. P.,Abner Crocker,Peter Spencer,Richard Allen,Cyrus Black,Benjamin Pascal,James E. Cornish,Benjamin Lundy,D. Coxsin,J.C. Morel,Robt,P. A. Bell,J. B. Vashon,B. Paschal,Robert Brown,Thomas Butler,C. Mathews,George Johnson,James Bird,Wm. C. West,Stephen H. Gloucester,Simeon S. Jocelyn,T. L. Jennings,Harrison,S. S. Jocelyn,Jocelyn,Samuel E. Cornish,K. A. Hinton,Cornish,Peter Wiliams,Peter Voglesang,Arthur Tappan,Peter Williams,Thomas Downing,Benjamin Latimore,Charles Morton,Francis March,Jacob Deyes,Henry Thompson,Willis Jones,Thomas Johnson,John Potter,Joseph Cassey,Robert Douglass,James Forten,Robert Purvis,Gardner,Abraham Lewis,Lewis Woodson,Charles Butler,Simmons,Roland G. Robinson,Dennis Berry,Robert Roberts,James G. Barbadoes,Samuel Snowden,Charles K. Kook,Morris Anderson,Richard C. Johnson,H. Foster,C. Munroe,John Creed,Alexander C. Lucas,J. C. Bemen,Joseph Gilbert,Robert Henson,James C. Cowes,John Barclay,Peter Petit,Charles Anderson,Adam Ray,John Kelly,Thomas Green,James P. Walker,Samuel G. Mathews,Isaac Whipper,Wm. S. Thomas,Arthur Waring,Isaac Carey,Kennedy,Hinton,P. Drayton,William L. Garrison,Austin Stewart,Grice,Hezekiah Grice,Bill,William Lloyd Garrison,W. Gardner,Whipper,Thomas Wiliiams,J. G. Smith,Thornas D. Coxsin,Barbour,Dennison,Lloyd Garrison,Aid-De-Camp
1833.PA-06.03.PHIL.txt,Frederick A. Hinton,Charles H. Levick,Noah Cannon,Abraham Williams,Stephen H. Gloucester,Robert Purvis,William Whipper,Abraham D. Shadd,William Lewis,Caleb Cregg,Vincent Smith,Jeremiah Miller,Carlisle,John Peck,Thomas Butler,Peter Gardiner,James Bird,Samuel C. Hutchins,J,D. Richardson,George Galbrecht,William Brewer,Wilkesbarre,Samuel Elliott,Robert Cowley,William D. Jenkins,Samuel Hiner,John Kelly,Thomas Banks,Henry Frisby,Benjamin Stokely,James C. Matthews,Henry Ogden,Emanuel W. Congo,Robert J. Taylor,Leonard Scott,Abner H. Francis,Peter Hubbard,Joseph Burton,Jacob Morgan,Matthew Draper,R. I. -- George Spywood,Hosea Easton,James G. Barbadoes,George W. Thompson,Richard Johnson,New-Haven,Luke Lathrop,Mason Freeman,William Hamilton,Thomas L. Jinnings,Ransom F. Wake,Charles Mortimer,James Barnett,George Richardson,David Ruggles,William Brown,H.C. Thompson,J. W. C. Pennington,Charles Smith,P. Johnson,William Rich,Troy,John G. Stewart,Henry Sipkins,Messrs. Watkins,Douglass,Nathan Johnson,Thomas Van Renselear,N. J.,L. Jinnings,Wm. Hamilton,Richard D. Johnson,John B. Dupuy,Messrs. Purvis,Butler,Peck,Spywood,Barbadoes,P. C. Matthews,Robt,Purvis,F. A. Hinton,Lloyd Garrison,P. M.,T. L. Jinnings,Wm. Lewis,Elliott,R. F. Wake,J. G. Stewart,S. H. Gloucester,Geo,Garrison,R. Purvis,George Spywood,William,James W. C. Pennington,Henry C. Thompson,Wm. D. Jenkins,Abner Frances,Thomas,Hamilton,Levington,John B. Vashon,Vashon,Bacon,George R. Richardson,Arnold Buffom,Crandall,Arthur Tappen,R. Cowley,Cowley,Draper,Stewart,Wm. Whipper,Hinton,William Wharton,Charles Marriott,N. Y.,Wharton,Austin Stewart,Whipper,Eliott,Simon S. Jocelyn,Jenkins,John G. Steward,H. Ogdeu,T. L. Jennings,H. Sipkins,L. Lathrop,W. Whipper,D. Ruggles,Jinnings,Thomas I. Jinnings,Johnson,J. G. Barbadoes,Cor,George C. Willis,Alfred Niger,J. W. Creed,John Liverpool,Samuel Eliott,Israel Jeffries,Hubbard,John P. Burr,Rob,Manuel,Rhuben Rhuben,Arthur Waring,John Cook,W. D. Jenkins,John Rich,R. Island,John Robertson,James Frazer,William C. Jeffers,John Berrian,Thomas Shipley,Benjamin Lundy,Lewis,Evan Lewis,Benjamln Lundy,Lydia White,La Fayette,James Foster,Peter Williams,J. G. Steward,J. C. Mathews,A. M.,Jehovah,Simeon S. Jocelyn,William Lloyd Garrison,Elliot Cresson
1834.NY-06.02.NEWY_ADDRESS.txt,William Hamilton,S. W. Benedict,Vallier,Great Jehovah
1834.NY-06.02.NEWY_MINUTES.txt,William Hamilton,James Fields,Theodore C. Breshaw,Raymond,Cornish,Vallier,Great Jehovah,Dennison,Berrian,Rush,Hogarth,Vogelsang,Hughes,Charles L. Remond,James G. Barbadoes,John C. Scarlett,Jacob Perry,Nathan Johnson,Henry M. Merriman,Alexander C. Luca,Hoshea Easton,George Spywood,Robert Jackson,Jared Gray,Nathan Blount,John G. Stewart,Charles S. Morton,George Hogarth,Henry C. Thompson,Henry Brown,Thomas S. Thompson,Abraham Brown,John K. Jackson,James W.C. Pennington,Benjamin F. Hughes,Henry Sipkins,Samuel Hardenburg,Peter Vogelsang,Abner H. Francis,John D. Closson,Henry Drayton,Amos Freeman,Henry Ogden,Orange,Carlisle,John Peck,Frederick A. Hinton,Samuel C. Hutchins,Stephen Smith,Joshua P.B. Eddy,William Brewer,Wilkesbarre,Abraham D. Shadd,Eli Johnson,Benjamin Wilson,Joseph Pierce,Samuel Van Brackle,Chester,Henry C. Sippins,Easton,William Whipper,Thomas Butler,James Bird,Peter Gardner,Theodore J.B. London,Owen T.B. Nicken,Sipkins,Smith,Jackson,Francis,Van Brackle,Peck,Perry,Ogden,Brewer,James Cornish,Joshua P. B. Eddy,Hamilton,P. M.,Barbadoes,Pennington,Thompson,Remond,Drayton,Merriman,Nickens,Johnson,Hinton,Eddy,Shadd,Blount,Whipper,Luca,Israel Lewis,U. C.,Evan Williams,Richard Voluntine,Robt,Elizur Wright,Arthur Tappan,N. Y.,Brown,Wycoff,Bird,Butler,Gardner,Purvis,Hutchins,A. M.,Vashon,Theo,S. Wright,Scarlett,Gray,Closson,Freeman,Nicken,Lewis,Wilson,Stewart,Williams,Crandall,Olney,Charles Gardner,Downing,Frazer,Wm. Hamilton,Robertson,Atlec,Andrew Jackson,Spywood,Todd,Messrs Gardner,L. Cox,Messrs. Hutchins,Burr,Daniel B. Brownhill,John Bowers,James Mc Crummell,Junius C. Morell,Joshua Brown,Robert C. Gordon,Jacob White,Manuel,Reuben Reuben,Richard Johnson,New-Bedford,George C. Willis,Luke Lathrop,Thomas L. Jinnings,James Needham,James Hiner,Robert Cooley,Peter Hubbard,Arthur Waring,Owen T. B Nicken,Charles Stewart,B. F. Hughes
1840.NY-08.18.ALBA.1.txt,C. B. Ray,C. L. Reason,Charles B. Ray,John J. Zuille,Theo,S. Wright,Charles L. Reason,Timothy Seaman,Clinton,Theodore S. Wright,N. Y.,Alexander Crummell,Charles S. Morton,Frederick Olney,Ray,Bro,Raymond,James W. Duffin,Henry R. Crummell,Michael Dougee,Samuel Streeter,Richard P.G. Wright,John T. Raymond,Wm. P. Johnson,Henry H. Garnet,Wm. H. Topp,Austin Stewart,Eli N. Hall,John Wendell,Armstrong Archer,Patrick H. Reason,Abner H. Francis,Francis,Henry Williams,Wm. R. Thompson,Jeffrey Van Clief,J. H. Bishop,John M. Dolan,P. Johnson,Thomas Jefferson,Tunis Blake,James Parkman,Lloyd Tillman,William Van Alstyne,Wm. H. Parker,Solomon Groomer,P. Green,William H. Topp,David Thomas,John N. Mars,Uriah Boston,James F. Murray,Jacob Waldron,Primus Robinson,F. Van Vranken,A. Johnson,John Springsteal,Stephen Myers,Richard Thompson,M. Thompson,William Johnson,Henry Jackson,William Queen,Henry Johnson,James Baltimore,Nicholas Bogart,Oliver King,R. Springsteal,Benjamin Cutler,Hiram Dalton,John Tate,Adam Blake,Eli Johnson,H. Emery,J. Lain,Alexander Theily,William Rich,J. A. Hubbard,Francis Baker,Jacob Brown,Francis L. Allen,Ezekiel George,H. Highland Garnet,Samuel Jefferson,Lewis Jones,George B. Moulton,George H. Baltimore,Vameller,Robert Butler,Wiilliam Garison,F. Thompson,Anthony Schuyler,Clarence P. Seldon,George,Garnet,Abram Jackson,James Gardner,Moses F. Van Leer,Daniel Jones,J. Woods,Jesse Prince,R. P. G. Wright,Francis Simson,F. Jackson,John,Wandell,Richard Sampson,Francis Dana,T. Harris,Moses Willcox,S. Barnes,G. Murray,M. Miner,Francis Thompson,J. Thompson,Francis La Tour,R. Murray,Andrew Grant,Frisby Way,John Jamieson,George Baker,Charles Sherman,Charles Shim,Augustus Gifford,Thomas Van Brankes,George Lansen,John Johnson,Daniel Oliver,Benjamin Anderson,George C. Brown,Jermanus Loguen,Joseph C. Pankes,Elimus P. Rogers,John M. Brickens,J. Adams,John Chester,Ambrose Dunbar,John Watson,Thomas James,F. Payne,James Sharp,Augustus Washington,L. I.,Samuel V. Berry,Edward M. Africanus,John Van Huesen,John Brown,Willis Hodges,Thal,J. W. Duffin,J. N. Marrs,P. H. Reason,A. Crummell,H. H. Garnett,E. P. Rodgers,J. Sharp,T. S. Wright,H. H. Garnet,U. Boston,J. N. Mars,P.H. Reason,E.P. Rodgers,A.H. Francis,A. Dunbar,Marah,Alex Crummell,J.N. Mars,J.W. Loguen,Troy,C. S. Morton,M. Dougee,John P. Anthony,S. Myers,G. H. Baltimore,H. R. Crummell,F. G. Murray,J. Harris,H. Granger,W. D. Anderson,S. R. Ward,J. Chester,L. Johnson,H. Jackson,W. Johnson,J. Crawford,C. Mcgayner,T. James,J. Terrill,D. H. Ray,A. Stewart,L. Platt,J. Peterson,I. Hough,P. B. Lee,R. Gardner,J. Morgan,N. Blount,J. E. Grant,Wm. Simmons,C. Spruce,B. Croger,A. Washington,S. V. Berry,E. M. Africanus,J. J. Zuille,G. Lawrence,F. Olney,A. Elston,T. Seaman,W. P. Johnson,N. H. Simons,T. Harley,M. Cross,Cattskill,Wm. Rich,J. A. Furbord,D. Scott,Sexton,Perry,John Jay
1840.NY-08.18.ALBA.2.txt,Dear Zuille,A. Crummell,C. L. Reason,J. W. Duffin,A. Steward,Theodore S. Wright,J. T. Raymond,Frederick Olney,Charles Morton,Austin Steward,R. P. G. Wright,P. Johnson,H. H. Garnet,Troy,Wm. Topp,S. Wright,F. Olney,P. H. Reason,C. B. Ray,E. P. Rogers,Archer,C. Morton,J. Wencell,George Baltimore,A. H. Francis,E. P. Rodgers,Wm. P. Johnson,Ed,Charles B. Ray,Charles L. Reason,Eli N. Hall,James W. Duffin,Charles S. Morton,Elimus P. Rodgers,John Wendell,Armstrong Archer,Williamsburgh,Patrick H. Reason,Abner H. Francis,Buffalo,Henry H. Garnet,Alexander Crummell,J.W. Duffin,J.N. Marrs,Michael Dougee,Uriah Boston,Thomas James,John Chester,Henry R. Crummell,P.H. Reason,C.B. Ray,H.H. Garnet,E.P. Rogers,J. Sharp,T.S. Wright,C.L. Reason,E.P. Rodgers,U. Boston,Ray,Austin Stewart,Wm. H. Topp,A.H. Francis,A. Dunbar,Marah,Alex Crummell,J.N. Mars,J.W. Loguen,William H. Topp,Ambrose Dunbar,James Sharp,C.S. Morton,M. Dougee,John P. Anthony,S. Myers,G.H. Baltimore,Daniel Jones,R.P.G. Wright,Sexton,John T. Raymond,Perry
1841.ME-10.06.PORT.01.txt,Wesley,Whitefield,A.N. Freeman,J.W. Lewis,A.W. Niles
1841.ME-10.06.PORT.02.txt,A. N. Freeman,J. W. Lewis,N. Hampshire,Wesley,Whitfield,A. W. Niles,Abram W. Niles,Geger,H. A. Chandler,A. Talbot,J. Winthrop,Amos N. Freeman,John W. Lewis,Stephen Myers,Henry A. Chandler,Jeremiah Rogers,Charles Pier,Freeman,J. Wentworth,Abram W Niles,Stephen Myres,N. Y.,L. Wentworth,N. H.,Myres,J. Siggs,Myers,Birney,Niles,E. Ruby,G. Geger,S. Myres,Waters,Scott,S. Myers,J. Dickson,Christ,H. Chandler,W. Scott,Siggs,Jones,Chandler,Talbot,J. Hill,Caroline,Griffin,Gardiner,A. Jackson,Taylor,E. Spencer,C. Pierre,J. Meyers,Thomas Cole,Amos,N. Freeman,Henry Chandlier,E. Waters,Henry Huston,M. S. Jackson,P. Orca,Robert Garrison,Eben Ruby,Samuel Ruby,B. Jones,Loyd Scott,John Groves,John Siggs,Pierre,A. Wilson,Peter Small,John Hill,N. Hill,J. Roberts,Jacob Dickson,Richard Dickson,J. Benjamin,Lewis Shepherd,John Wright,James Ball,N. H. -- Job Wentworth,W. Willy,Hallowell,Ruby,Willy,Nancy Prince,Lewis,D. Thurston,Winthrop,Jesus Christ,Jesus,David Thurston,James,Huston,Rev A. N. Freeman,J. H. Rogers,J.W. Lewis,Henry C. Huston,Respeetfully,E. Myres,Manuel S. Jackson,Job Wentworth,Wm. Scott,John T. Carter,N. H. Corresponding,James Cook,Eben,Christopher Allen
1841.ME-10.06.PORT.txt,Wesley,Whitefield,A.N. Freeman,J.W. Lewis,A.W. Niles
1841.NY-08.25.TROY.txt
1842.IN-07.17.INDI.txt,John Q. Adams,Clay,Tyler,J. G. Britton,Turner Roberts,A. J. Overalls,Jesse White,John G. Britton,Allen E. Graham,Willis Brown,O. Mifflin,A. Turner,O. Stuart,J. Tucker,J. White,T. Roberts,A. E. Graham,G. Britton,V. Morgan,John Crowder,N. Morgan
1843.MA-08.03.SALE.txt,Martin Heim,James Holland,Daniel Yates,Aaron Johnson,Rodgers,N. Jersey,James J. G. Bias,Samuel Van Brackle,James M ` C. Crummill,Stephen Smith,John Lewis,George H. Amos,Benjamin Clark,Hamilton Gray,John W. Adams,Levi Anderson,Matthew Lary,Henry C. Turner,Marylond,J. J. Bias,S. Van Brackle,Elimus P. Rogers,J. W. Adams,Samuel Harrison,A. D. Shadd,Thomas Watkins,C. W. Gardiner,C. Crummill,J. Lewis,Shadd,J. G. Bias,D. B. Anderson,P. M.,Burleigh,Kennady,Crummell,J. J. G. Bias,Adams,Whilldin,George Milburn,Evan Jones,Henry C,Cornish,Wm. Burleigh,Samuel Nicholas,Isaac Jackson,Z. Purnell,George Davis,Nathaniel Depee,Geo,Galbreth,Samuel Morgan,Ephraim D. Williams,Albert H. Hall,Morris Hall,Edward Coulter,Limos Johnson,John Mentin,Sam,Van Bracle,Josh,P.B. Eddy,Matthew G. Lary,Dan,B. Anderson,B. Walker,Orange,J.W. Adams,Joseph Whittington,Ralph Harden,James Campbell,Levi Medford,Levi Naylor,Ezekiel Caldwell,Spencer,Samuel Brown,Moses G. Wilson,Thomas B. Walker,Henry Banks,James Wilson,Joseph G. Agness,Wm. Cooper,Joseph Agness,Wm. Johnson,James Butler,Michael Boyer,Wm. Saunders,Jacob Johnson,George Wharton,Abraham Murray,Henry W. Wright,Alexander Freeman,James,James Clark,Anthony Campbell,George Buck,Robert Robertson,John Nelson,James M. Fells,Wm. Douglass,Rueben Barret,John Morun,John C. Bowers,John Winer,Robert Jones,Isaac J. White,P. Clay,Jos. Cassy,Littleton Hubert,Jacob Reed,Jones Willson,Richard Wilson,George L. Frisby,Moses Worthington,Henry Cornish,Robert Barger,Benj,Joshua P.B. Eddy,Yates,George Milbern,Parmer Johnson,Walter Burr,Wm. Knight,Wm. Woods,Jacob,J. Primrose,Robert M. Smith,John Charles Fortie,Samuel Watts,James Willams,George Simpson,Isaiah Wears,John E. Moore,Joseph Green,Gidion Lewis,David Lomax,Joseph Louis,Thomas H. Queen,Daniel Koburn,Joshua Woodland,Wm. H. Sumner,William Washington,Randolph,Henderson Davis,John Wilson,James C. Watson,Giles Scott,Benjamin Harris,William Jackson,John B. Roberts,J. H. Townsend,Abraham D. Shadd,Joseph Thomas,Benjamin Freeman,John Williams,Charles W. Gardiner,Smithie,S. Wright,P. Johnson,H. Gibbons,Darby,Amos Waterman,Gideon Lewis,Alexander Crummell,E. P. Rogers,Levy Anderson,E. P. Rodgers,Alex. Crummell,J. W. Admas,A Crummell,C. P. Rogers,Stehen Smith,Williams B. Adams,Van Brackle,Crummill,Ignatius Beck,J.W. Addams,George Amos,E. P. Rorgers,H. Davis,W. Whipper,H.H. Webb,D. A. Payne,Jno,F. Cook,Francis Datcher,Jos. Warren,Collins,Enoch Bell,Williams,T. Watkins,Daniel W. Moore,Joseph Lewis,D. Coburn,H. C. Turner,Lea,J. C. Fortie,John Peck,Lewis,M. R. Delany,F. Davis,Lewis Woodson,J. Cole,D. Mahony,R. Thomas,S. Holcomb,J. Smith,B. Steward,C. Caldwell
1843.MI-10.26.DETR.txt,Henry Jackson,O. P. Hoyt,Wm. Lambert,Wm. C. Monroe,F. Delany,O.P. Hoyt,W. C. Monroe,W. R. Wilson,Lambert,Brooks,M. J. Lightfoot,A. Derrick,J. W. Brooks,A. Aray,G. B. Blanks,Marshall,Richard Gordon,W.C. Monroe,William Dolerson,William Lambert,Willis R. Wilson,Alford Derrick,Madison J. Lightfoot,Robert Allen,George R. Sims,Henry Bibb,Othello P. Hoyt,Jackson,Calvin Hackett,Henry Calvin,A. R. West,William Smith,W. Hardy,John Rigs,Nelson Ockry,Asher Aray,Thomas Freeman,Dolerson,J.W. Brooks,P. Hoyt,Sharon,William Hardy,George W. Tucker,Almond Goff,H. Jackson,H. Bibb,Wm. Dolerson,R. Allen,Ockry,R. Gordon,Jabez M. Fitch,Clarkson,Lovejoy,John Riggs,J. Anderson,J. Brooks,La Fayette,Green,Perry,Lycurgus,Napoleon,Herodotus,Calvin Hacket,Calhoun,John Smith,Samuel Dickerson,Henry Powers,Jefferson Fitzgerald Of York,Gordon,Wm. Smith,Bibb,Frederick Douglass,William Wilberforce,Thomas Clarkson,Granville Sharpe,Wilberforce,Elijah P. Lovejoy,John,Nathanael Greene,Christopher Greene,Andrew Jackson,Philip S. Foner,Pindar,Pythagoras,Plato,Socrates,Strabo,Apollonius Rhodius,Rhodes
1843.NY-08.15.BUFF.txt,Theo,S. Wright,A. J. Gorden,N. Y.,Henry Highland Garnit,Samuel H. Davis,James Fountain,Davis,Henry Thomas,A.H. Francis,J.H. Townsend,R. Allen,Ware,J.W. Duffin,Robert Banks,F. Douglass,D. Lewis,N. W. Jones,W. W. Brown,Chas,B. Ray,H. H. Garnit,R. Francis,Charles B. Ray,Frederic Douglass,C.L. Remond,A.G. Beman,Amos G. Beman,F. Piere,W. W. Matthews,H. Johnson,W. Duffin,A. H. Francis,David Lewis,C. Lennox Remond,M. C. Munro,Townsend,N. W.Jones,Weir,Morris,C. B. Ray,C. L. Remond,James N. Gloucester,Fred,Douglass,A. G. Beman,N. Y. City,J. H. Townsend,Wm. P. Mcintire,John Wendall,T. Woodson,B. S. Anderson,James W. Duffin,Jason Jeffrey,Noah Palk,H. W. Johnson,James Sharpe,Ralph Francis,J. P. Morris,R. H. Johnson,Wm. Sanders,David Wycoff,Harrison Powell,James P. Jackson,John Granbia,Phelps,Wm. Johnson,Albert Outley,Sampson Talbot,K. B. Dunlap,J. F. Platt,Penn Yan,Uriah Lett,George Weir,Abner H. Francis,S. H. Davis,Jermin W. Loguen,J. H. Malvin,H. Robinson,David Jenkins,J. M. Cordozer,A. M. Sumner,W. H. Yancy,Wm. Watson,R. Banks,W. C. Munro,Robert Allen,Henry Jackson,G. W. Tucker,Nimrod W. Jones,Luke Dod,Thomas Pollock,Joseph Roxbury,H.H. Garnit,R.H. Johnson,W.C. Munro,C.B. Ray,E.B. Dunlap,J. Sharpe,Wright,N.W.,Jones,S.H. Davis,J. H. Platt,J. Jeffrey,J. N. Gloucester,S. Talbot,Charles Lennox Remond,W. P. Mcintire,B.S. Anderson,J. Fountain,J. W. Duffin,W. Sanders,W. Johnson,A. Outley,E. B. Dunlap,U. Lett,J. W. Loguen,H. Jackson,J. Wandall,G. Weir,J. Malvin,D. Jenkins,T. S. Wright,N. Polk,H. Powell,J. P. Jackson,J. Granbia,R. Robertson,A. M. Summer,W. Watson,Garnit,Ray,Nat Turner,Mcintosh,Madison Washington,Wm. C. Munro,Sharpe,H. H. Garnis,S. N. Davis,Christ,T. T. Tatum,Dod,W.W. Brown,L. Remond,P. Harris,O. D. Jenkins,C. Munro,Henry Johnson,Geo,Munro,Sumner,Malvin,Watson,Jenkins,Outley,Remond,Brown,Johnson,Lewis,Garmit,W. P. Mclntire,John Wandall,W. C. Munto,W. Brown,A. N. Freeman,H. G. Piere,J. W. Lewis,J. T. Hilton,C. Nell,J. E. Crawford,A. Nigers,J. W. C. Pennington,J. C. Morel,John Lewis,J B. Vashon,Freeman,A. Duncan,J. G. M. Britton,M. Robinson,Alton,Banks,Francis,Beman,A. M.,J. Roxburg,T. Pollock,James H. Gloucester,P. A. Bell,J. W C. Pennington,N. Y. ; S. E. Cornish,N. J,W. P. Mcintosh,James H. Fountain,Shelby,Warren,N. Y,Ezra R. Johnson,N. Gloucester,A. H. Yancy
1844.NY-09.18.SCHE-Minutes.txt,H. H. Garnet,Wm. P Mcintyre C.S. Morton,J. Wandell,Thompson,H.H. Garnett,Henry H. Garnet,Ulyssis R Videl,Francis Thompson,Patrick H. Reason,N. Y.,Ralph Francis,James Hall,John Wandell,Peter Hornbeck,George W. Gordon,James Mccune Smith,Ulyssis B. Videl,Troy,James H. Henderson,William P. Powell,Richard Thompson,Clarence P. Seldon,Francis Simson,George B. Moreton,Stephen Myers,Smith,Myers,U. B. Videl,Garnet,Videl,Powell,W. P. Johnson,R. P. G. Wright,William P. Johnson,York La Ture,Clarence P. Selden,Ezekiel George,Samuel Lawyer,Jacob Brown,Lewis Washington,Lewis Jones,Abram Jackson,Thomas Addison,Henry March,William Beggett,Abram Stanley,Henry Â· H. Garnet,James Johnson,Richard Livingston,L. D. Beckett,William Rich,John Carasaw,Thomas Jefferson,J. W. Randolph,John,H. Smothers,Cato Jackson,Austin White,Augustus Howard,John Landon,George Mott,Thomas Johnson,Thomas Thompson,R. Munay,Tobias Harklis,Thomas Jackson,John Jackson,James Jackson,Moses Wilcox,Peter Johnson,Henry Thompson,Henry Jackson,Peter Wandell,Albert Brown,Peter Ofdyke,John T. Simpson,John Dunbar,Garret Harris,Henry Harris,Richard Sampson,N. Caesar,N. Hardy,Thomas Gray,F. Lattin,Francis Dana,Henry L. Simpson,H. M. I. Rogers,Daniel A. Oliver,Francis Whitbeck,Francis Cobus,Alexander Welch,A. James,Isaac Hornbeck,John Tribble,Caroline Jones,Constantin,Peter P. Feler,Samuel Serrington,Robert H. Johnson,Simon Jackson,William Jackson,Nicholas Hemous,Theodore S. Wright,Charles B. Ray,Ray,Powel,R. Thompson,Serrington,Wm. P. Johnson,James Mccune,Wm. P. Powell,Reuben Murray,Francis Simpson,F. Thompson,G.B. Moreton,E. George,Wm. Begget,W. Gordon,R. Livingston,L.D. Beckett,Carrasol,John H. Smothers,Thomas Whitbeck,Samuel Serringson,C. F. Selden,H.J.M. Rogers,R.P.G. Wright,P. Johnson,W. P. Powell,P. Powell,Messrs,J. Mccune Smith,P. Powel,Lyceums,H.H. Garnet,Robert Johnson,P. M.,H. H.,Moreton,R. Johnson,Theodore St. Wright,Theodore Sedgwick Wright
1844.NY-09.18.SCHE-Report.txt,Anthony,R. Francis,T. S. Wright,C. B. Ray,Sedgwick Wright,Charles B. Ray,Jeremiah Powers,James M'Cune Smith,H. H. Garnet,Thompson,Bouck,Garnet,William P. Johnson,Ulysses B. Vidal,Johnson,V.,Moulton,William P. Powell,J. M'Cune Smith,Rich,U. B. Vidal,W. B. Powell
1845.NY-09.08.GENE.txt,Austin Stewart,H. K. Thomas,T. E. Grant,J. W. Duffin,William W. Brown,Wm. H. Seward,William H. Seward,Wm. W. Brown,Burgess,Charles Miner,Perry,Clark,Martindale,Jackson,Thomas Butler,Aid-De-Camp
1847.NY-11.06.TROY.txt,J. C. Kneeland,H. H. Garnet,Peyton Harris,Wm. C. Nell,Charles Seth,Henry H. Garnet,John Spence,Henry Morton,William Rich,James H. Gardner,L. Harper,W. Gordon,James H. Davis,Wiliam S. Baltimore,Littleton Becket,William G. Allen,Henry Brister,James Mccune Smith,Charles B. Ray,Griffin Griffins,Enoch Moore,William H,Topp,Stephen Woods,John Harrison,George B. Wilson,Stephen Myers,Benjamin Cutter,Abraham Caldwell,A. Hooper,P. Farnum,Wm. Warren,James H. Henderson,H. W. Johnson,George Haggimore,Francis Thompson,Samuel Van Wranken,John Lyle,George H. Baltimore,Willis A. Hodges,Thomas Van Rensselaer,Alexander Crummell,R. H. Johnson,Moses A. Jackson,Wm. P. Mcintyre,Lewis Jackson,Williams Meads,R. D. Kenny,James Blair Webb,Charles Van Hoosen,William C. Nell,Frederick Douglass,Nathan Johnson,Benjamin Weeden,William W. Brown,Henry Watson,Leonard Collins,Charles C. Seth,James Mars,Samuel Smith,P. I. Schuyler,Thomas Thomas,Martin Thomas,Z. P. Purnell,J. W. C. Pennington,Ames G. Beman,Peter G. Smith,Lewis Hayden,J. Billings,Samuel B. Hyers,Andrew Jackson,Wm. W. Brown,Willis Hodges,Alex. Crummell,William H. Topp,J. Mccune Smith,H. Topp,Chas,B. Ray,Garnet,C. B. Ray,Wm. P. Mcintrye,S. Myers,L. Collins,Fred,Douglass,Van Rensselaer,R. D. Jenny,J. Mc.Smith,W. W. Brown,S. Baltimore,W. C. Nell,Seth,J.Mccune Smith,Wm H. Topp,G.B. Wilson,P.G. Smith,P. M.,George Wilson,J. Mc,Cune Smith,Collins,Lyall,W.W. Brown,Ray,C.,Pennington,Schuyler,Crummell,F. Douglass,E. N. Hall,Leonard Coliins,A. G. Beman,J. M. C. Smith,R. D. Kenney,John C Spence,Harper,Geo W Gordon,James H Henderson,Geo Haggimore,Geo H Baltimore,Henty Brister,Griffen Griffin,Leollard Collins,Chas C Seth,J Schuyler,J W Pennington,Samuel B Hyers,Willis A Hodges,Thos Van Rensselaer,Mosel A Jackson,Johnson,Nell,Amos Gerry Beman,A. Crummell,R. Johnson,Smith,B. Weeden,Van Rensseiaer,Alex Crummell,Myers,T. Van Rensselaer,William S Baltimore,Chas B Ray,Griffen Griffins,William H Topp,John Harrisson,William Meads,Geo B Wilson,Jamcs Mccunc Smith,Stephen Smith,Purnell,Henry H Gamet,H W Johnson,John Lyles,Thos Van Renselaer,Jackson,Kenny,Chas Van Hoosen,Wm W. Brown,Amos G Beman,Benj,L. Hayden,Henderson,Hyers,Weeden,John,Henry Highland Garnet,G Beman,William H.Topp,Moses Jackson,William A. Tyson,Charles L. Reason,George T. Downing,John J. Zuille,Albro Lyons,Samuel E. Cornish,Patrick H. Reason,N. B. Vidal,Christopher Rush,E. V. Clark,Joseph Cassey,William Douglass,James J. G. Bias,A. M.,Kenney,M. A. Jackson,M. Sumner,Alex. Thuey,Robert Barks,N. J. Benj,T. H. Henderson,R H Johnson,Van Hoosen,Brown,Henry H Garnet,H Morton,Geo W Gorden,J H Davis,Van Wranken,Hodges,Moore,Wm Meads,Wilson,J B Webb,Benj Wheeden,Saml Smith,Thos Thomas,Meads,J Spence,Beman,Morton,J H Henderson,N. J.,G W Gordon,Samuei Smith,J W C Pennington,Harris,Watson,Thomas,W W Brown,Hayden,John C. Spence,H. H. Gamet,E. P. Rogers,A. M. Sumner Cincinnati,V. P. Pennington,Suasian,Spense,N. Y. Minutes,H. H. Garnett,A. Jackson,W. C.,Garnett,Lee,Wm. H. Topp,Lewis Putnam,Spence,W. H. Topp,Jesus Christ,Horn,Amos G. Beman,James W. C. Pennington,Andrew Purnell,George B. Vachon,G. B. Wilson,Jehovah,Peter Constantine,George Ennis,Peter Jallep,James Millington,George Reily,Robert Duaney,Randall D. Kenney,P. Harris,George Hogarth,C. Nell,A. M. Sumner,Alex. Theuy,God,Gerrit Smith,John C. Calhoun
1848.OH-09.06.CLEV.txt,John Dick,D. Jenkins,Abner H. Francis,William H. Burnham,F. Douglass,Henry Bibb,C. H. Langston,L. Watson,Frederick Douglass,J. Jones,William H. Day,Allen Jones,Thomas Johnson,Justin Holland,A. H. Francis,M. R. Delany,C.H. Langston,H. Bibb,G. W. Tucker,W. H. Topp,Thomas Brown,J. L. Watson,J. Malvin,Allan Jones,Cox,Sayres,Dayton,Bibb,Henry Lott,Patterson,Fitzgerald,Lewis,J. M. Langston,Watson,Jones,Delany,W. H. Day,Douglass,John,Lyle Of N. Y.,J. D. Patterson,John L. Watson,David Jenkins,Copeland,William H. Topp,Van Buren,Kenyon,Francis,Brown,Jenkins,Lightfoot,John Lyle,Sabram Cox,Richard Copeland,W. B. Depp,Harris,H. G. Turner,P. M.,William Ruth,C. W.,Andrews,Alexander Bowman,J. Lott,O. D. O'Brien,Sanford,John M. Sterling,Langston,Frederick Douglas,N. Y. Charles H. Langston,J. G. Britton,John Peck,George Day,Josiah Conville,Mason,Jefferson Fitzgerald,Roberts,W. L. Day,H. Jenkins,H. Francis
1848.PA-12.13.HARR.txt,Robert Purvis,Isaiah C. Weir,Dr. Peck,J. C. Bowers,Stephen Smith,J. J. G. Bias,George W. Goines,M.W. Gibbs,William Whipper,Samuel Van Brakle,Abram D. Shadd,Benjamin Moore,George Galbraith,Francis A. Duterte,Peck,John B. Vashon,Joseph E. Gardner,Joseph Murry,George C. Anderson,Daniel Williams,Wm. Webb,Edward Hawkins,Richard Johnson,Joseph Johnson,Jacob Stratton,Joseph St. Clair,Abraham D. Shadd,John N. Bond,Charles E. Clayton,Wm. Lewis,Wm. Thomson,John Wolf,Henry H. Price,John F. Williams,Thomas Earley,John Gray,Andrew Gorden,William Spence,Joseph Popel,Charles I. Dorris,Edward Thomason,George Adley,Henry Johnson,Richard C. Brown,James Popel,James Reese,Wm. H. Davis,Charles L. Robertson,Daniel Jackson,Valentine Brown,Nelson H. Turpen,Jesse Bolden,Isaac J. Dickson,Samuel Molston,John L. Griffith,Philip Roderic,Leonard A. Williams,Wm. H. Wilson,Washington Webster,Robert Boston,David Roach,Jonathan Graham,James J. G. Bias,David B. Bowser,John C. Bowers,James D. Knight,Mifflin W. Gibbs,Isaiah Ware,James Mccrummel,David J. Peck,Henry Cooper,Joshua P. B. Eddy,Robert Brown,Wm. Marten,Jackson,Perry Miller,John Lee,Wm Cupit,Joseph E. Gardiner,Blair,Chester,Franklin,Nelson Turpin,Wm. Whipper,Wm. Stanford,J. G. Wolf,H. H. Price,James Mccrummell,F.A. Duterte,John G. Wolf,Thomas Early,Vashon,Charles Lenox Remond,Martin R. Delany,Remond,Purvis,Woodson,M. R. Delany,C. L. Remond,M. W. Gibbs,D. J. Peck,A. D. Shadd,Whipper,Wm. Jones,Turpin,Bowser,Gibbs,Smith,Eddy,Sanford,Shadd,Bowers,Weir,Delany,Dickson,Gardiner,Van Brakle,S. Van Brakle,G. W. Goines,J. F. Markley,I. J. Dickson,F. A. Duterte,Edward M. Davis,Jefferson,Cerro Gordo,Halls Of The Montezumas,Locke,Wistars,Wilson,Ross,Adams,Paine,Gerry,Hopkins,Ellery,J. F. Dickson,M. W. Gibbes,Somersett,Mansfield,Martin,James Forten,Forten,George Iii,Michael Servetus,Emmet,Paul,Peter,Aminadab,Cicero,J. J. Dickson,M.W. Gibbes,Wm. T. Catto,Joseph C. Moore,J. Ware,D. B. Bowser,Peter Lester
1849.CT-09.12.NEWH.txt,S. M. Africanus,H. Foster,H. Nott,Isaac Cross,Jehiel C. Beman,Amos G. Beman,Samuel T. Gray,W. Francis,J. Emery Burr,L. Collins,D. Gordon,L. Black,A. J. Morrison,L. H. Peters,Levin Smith,Henry Nott,Henry Foster,George Garrison,R. C. Huntington,Charles Daniels,Leverett C. Beman,George W. Francis,Leonard Collins,Charles Hubbard,Philander Pitts,William Allen,Henry Davis,J. Demming,A. C. Luca,Robert J. Cowes,Paul Hall,Thomas Cisco,H. S. Merriman,John Turner,Edward Galpin,T. B. Potter,William Thompson,Amos C. Beman,Samuel Ellis,William Spellman,James L. Smith,Uriah W. R. Pelham,Pelam M. Williams,David Gordon,George L. Williams,William Anderson,George Fairweather,Mason Gauson,Jacob Coggswell,A. G. Beman,George W. Francis Of Bridgepport,Gordon,Posey,Williams,L. C. Beman,S. N. Africanus,Alexandaer Posey,Perry Davis,B. Randall,Middleton,G. Garrison,E. C. Freeman,C. Snipes,H. A. Thompson,J. C. Beman,G. W. Francis,Leonard Colllins,Prince W. West,Amos Gerry Beman,Charles Williams,R. J. Cowes,Minius Lyman,Francis Cisco,Peter Osborn,Thomas B. Potter,Wm. F. Bouchet,Robert M. Park,Pelman M. Williams,Leonarad Black,J. Scott,Abraham Morrison,Nathaniel Holland Danbury,Lyman H. Peters,Stephen Wright,John B. Clarke,Henry Berrian,George A. Spywood,Elymus P. Rogers,N. J. Henry Bibb,J. E. Burr,S. T. Gray,Leonard Black,P.M. Williams,Beman,A. Morrison,Spywood,George Snipes,Francis,Collins,Thompson,Spellman,Gray,John Emery Burr,Ellis,Rogers,Bibb,A. Washington,A. Posey,L.C. Beman,H.A. Thompson,R.J. Cowes,H.S. Merriman,J.L. Smith,W. Peters,N. Thatcher,J.B. Clarke,A.J. Morrison,S.M. Africanus,G.W. Francis,A.G. Beman,L. Carter Beman,Ellsworth,Henry A. Thompson,Wm. Blackstone,Bushnell,Christ,Wm. W. Ellsworth,Crandall,Sam ` L. T. Gray,Sexton,J. B. Clarke,N. L. 2.00,N. Of N. H. 1.00,Garrison,William Wolcott Ellsworth,Oliver Ellsworth,Prudance Crandall,Sarah Harris,John Milton,Johannes Kepler,Jonathan Edwards,Theodore Dwight,Timothy Dwight
1849.NJ-08.21.TREN.txt,Joshua Woodlin,George Shreve,Conover,Robert D. Stewart,Leonard Shields,Alexander Brown,Gideon Lewis,David Stevens,Murray Wells,Samuel Harrison,J. S. Rock,Mansfield Herbert,George Mcmullen,Robert Thomas,Benjamin Stewart,H. A. Burton,Lewis Conover,Ishmael Locke,G. Lewis,S. Harrison,Van Rensselaer,Horn,J. Woodlin,R. D. Stewart,G. Shreve,M. Wells,I. Locke,R. Thomas,Catto,William T. Catto,W. T. Catto
1850.ME-10.20.PORT.txt,Lawrence Chaplin
1850.NY-08.21.CAZE.txt,Samuel J. May,"Samuel Thomas , Jr.",Samuel Wells,J. W. Loguen,Charles B. Ray,Gerrit Smith,Mary Springstead,James Baker,Fordyce Rice,Caroline Brown,James C. Jackson,William L. Chaplin,Joseph C. Hathaway,William R. Smith,Eleazer Seymour,F. Rice,Phebe Hathaway,Louisa Burnett,Frederick Douglass,Francis Hawley,Chas,B. Ray,A. Wheaton,Charles D. Miller,Anne V. Adams,S. R. Ward,Goodell,H. Burleigh,Loguen,E. L. Platt,Theodosia Gilbert,Chaplin,Charles A. Wheaton,G. W. Clark,Wm. R. Smith,George W. Lawson,Cyrus P. Grosvenor,G. W. Johnson,N. Y.,Francis Jackson,John G. Whittier,Silas Cornell,Thomas Davis,C. D. Cleveland,E. M. Davis,C. C. Foote,Hon J. R. Giddings,G. W. Julian,C. Durkee,Wilson,George W. Clark,Edmonson,Daniel Webster,John Mclean,Mclean,Moses Stuart,F. Julius Lemoyne,William Goodell,Smith,Lemoyne,Christ,Wm. L. Chaplin,Charles T. Torrey,Drayton,Sayre,Harris
1850.OH-01.09.COLU.txt,D. Jenkins,L. D. Taylor,C. A. Yancy,N. Nooks,A. Strauder,John Watson,Thomas Brown,C. Ross,G. Hilton,H. Ford,J. D. Pattison,L. Adams,J. Purnell,J. L. Watson,J. Mercer Langston,H. F. Douglass,Monroe Jones,A. Yancy,J. W. Stuart,W. Stuart,J. Gee,K. Artis,D. S. Moss,G. Adams,F. Wilson,H. Lott,J. J. Pearce,S. Jones,N. Morgan,A. Dempsey,W. P. Morgan,J. W. Divine,J. H. Johnson,T. H. Dorsey,J. P. Underwood,D. Roberts,W. H. Burnham,G. R. Williams,C. H. Langston,J. Poindexter,J. Booker,P. Letchford,W. S. Davis,J. M. Brown,T. Washington,T. J. Goode,D. Hart,D. Trent,W. Copeland,J. Bennett,J. Freeland,Morgan Melton,J. W. Delany,J. Taylor,John Jackson,Jefferson,G. W. Evans,John Gee,George R. Williams,W. H. Day,Wm. Copeland,Watson,W,John Mercer Langston,Ross,T. H. Johnson,Greene,Brown,Warren,Eric,J. Lott,D. L. Moss,Jason,Pike,Clark,Morgan,Day,Adams,J. Watson,Poindexter,Burnham,Divine,Underwood,J. M. Langston,Copeland,Douglass,Artis,T. Brown,Stewart,Williams,Jenkins,Lott,Langston,Nooks,J. Jackson,Gerrit Smith,L. N. Milnor,Sampson P. Lewis,M. Jones,Gee,M. Langston,John Booker,A. M. Taylor,Booker,Yancey,Lewis Adams,William H. Day,Scurry,Elder Jones,Henry Hurd,Justin Holland,L. W. Minor,Nichols,Samuel Jones,T. Crawford,Jesus Christ,L. W. Miner,Mr. W. H. Burnham,A. R. Green,V. William H. Day,Wm. H. Burnham,David Jenkins,R. Williams,J. Mccune Smith,H. Hurd,Carthagena
1851.IN-08.01.INDI.2.txt,John A. Warren,J. G. Britton,W. J. Greenly,J. Callihan,T. Bushrod,W. H. Manly,P. B. Delany,J. L. Johnson,J. H. Bundy,W. H. Carter,J. Mitchell,J. Morgan,Floyd,J. A. Warren,Clark,W. Couzins,W. Chandler,D. Johnson,D. Dudly,Bartholomew,J. J. Fitzgerald,B. Crider,Wm.,Anderson,S. Jones,E. Weaver,Posey,Gibson,J. M. Brown,J. B. Delany,Blanks,J. Merriwether,John G. Britton,John Morgan,D. N. Mcdowell,W. T. Boyd,J. Manly
1851.NY-07.22.ALBA.txt,John Quincy Adams,Wm. P. Mcintyre,Edward Freeman,Wm. Rich,C. Edward Seth,Hiram Johnson,Stephen Myers,Richard Wright,H. Hicks,E. N. Hall,N. Y.,William H. Topp,Francis Douge,Charles E. Seth,Wm. C. Gardiner,Benjamin Cutler,James P. Johnson,John Springsteel,Johnson,James M. Williams,Henry Johnson,Primus Robinson,James Youngs,F. Van Vranken,Peter Vandeveer,Jacob Ennis,Rich,Edward H. Bishop,Wm. Jones,Abraham Stanley,Daniel Hall,Lloyd Hasper,Henry Hicks,Martin Cross,Eli N. Hall,John N. Stiles,Henry Williams,F. Johnson,Amos G. Beman,C. E. Seth,Hitam Johnson,Wm. H. Topp,John N. Still,W. H. Topp,S. Myers,Seth,William Rich,James Morris Williams,P. Mcintyre,F. Douge,William P. Mcintyre,W. P. Mcintyre,Topp,Mcintyre,Hicks,Wm. F. Johnson,Myers,Cutler,J. P. Johnson,A. G. Beman,Wright,H. Topp,R. Wright,W. F. Johnson,J. N. Stills,J. W. Williams,B. F. Cutler,W. C. Gardner,E.N. Hall,A.G. Beman,J.N. Still,J.P. Johnson,Bill,H. Johnson,Gerrit Smith,S. R. Ward,Frederick Douglass,Wm H. Topp,Jones,P. Vandivere,Still,Augustus Washington,J. N. Still,E. Edward Seth,T. Johnson,Junius C. Morell,A. Williams,Williams,A.G. Berman,Smith,W.F. Johnson,Hall,Jesus Christ,Tompkins,Wm. Mcintyre,Greene,George Weir,Charles B. Ray,Jenkins,F. H. Douge,W. Rich,Pons,Briant,Stanton,Erie,Gurley,Benjamin F. Cutler,William Gardener,God,Hereupon,Niles,James Monroe,Mcilvain,Cox,Chan,Kent,Mansfield,John Davenport,Amos Gerry Beman,John Nelson Still,D. C.,George Walker,Washington Hunt,Edwin D. Morgan,Jehiel C. Beman,Beman,Douglass,Marquis De Lafayette,Horace Greeley,Junius C. Morel,Morell,Morel,Charles L. Reason,William G. Allen,Alexander Proudfit,Thomas Buchanan,Jehudi Ashmun,Henry Clay,Elliott Cresson,Ralph Randolph Gurley,John B. Pinney,Frederick Perry Stanton,James Kent,James Sommerset,Manfield,Daniel,Belshazzar,Davenport,Edward Whalley,William Goffe,Charles,Charles Z. Lincoln
1851.OH-01.15.COLU-b.txt,E. Glover,John Quincy Adams,Webster,Seward,Noyes,Jenks,Bey,Wm. Allen,Kent,Baldwin,Andrew Jackson,Green,Saml,Galloway,William H. Seward,Charles H. Langston,Charles A. Yancey
1851.OH-01.15.COLU.txt,L. D. Taylor,C. H. Langston,W. H.Burnham,T. N. Stewart,H. Ford Douglass,H. H. Ford,Ross,J. Mercer Langston,Jackson,C. A. Yancy,J. Purnell,Clark,Wm. Roberts,Wm. Lewis,Wm. Hope,Wm. P. Morgan,G. Stanup,W. Hurst Burnham,A. Barrett,John Booker,James Poindexter,John,Brown,D. Jenkins,J. Freeland,J. H. Johnson,John T. Ward,James Dunlap,Heathcock,William Walden,Shelby,J. Berde,J. Mccarter Simpson,Pike,Thomas Haines,Jerome Stebot,Felix Whitsill,Darius Roberts,Mills Melton,W. Howard Day,Joseph Henry Perkins,John I. Gaines,John Jackson,Lawrence W. Miner,Charles H. Langston,Charles A. Yancy Esq.,David Jenkins,H. F. Douglass,P. Morgan,Hamilton Campbell,Simpson,J. T. Ward,Barrett,J. Mcc,J. Mcc Simpson,William Hope,Chas,A. Yancy,L. D. Tayor,Harris,Franklin,Douglass,H. Langston,E. Davis,Taylor,Yancy,John Brown,Webster,Jenkins,Smith,Day,Bunker Hill,Bill,Wm. Jackson,J. Parnell,Sterling Heathcock,J. Bird,Thomas Harris,Levi Day,E. Whitsill,W. H. Day,Joseph H. Perkins,Lawrence W. Minor,J. I. Gaines,Perkins,J. H. Perkins,William H. Day,L. W. Miner,R. Wood,J. Henry Perkins,W. Roberts,V. William H. Day,Roberts,L. A. Stanton,M. J. Hopkins,L. M. Jenkins,C. Hacley,S. Mason,S. P. Scurry,L. Harper,J. Jackson,Blind,Charles I.,Reuben Wood,Queen Victoria,John Quincy Adams,Seward,Noyes,Jenks,Bey,Wm. Allen,Kent,Baldwin,Andrew Jackson,Green,Saml,Galloway,William H. Seward,Charles A. Yancy,Joseph Warren,Francis Marion,Nero,Nero Claudius Caesar,Peter,Paul,Caius Caesar Germanicus,Esther,Haman,Mordecai,John Fortescue,Edward Coke,William Curtis Noyes,Kansas-Nebraska Bill,Roger Sherman Baldwin,Henry Clay,Christopher Greene,Samuel Galloway,Horace Mann
1851.ON-09.11.TORO.txt,J.T. Fisher,Henry Bibb,J.S. Cary,Thomas Smallwood,James D. Tinsley,D. Hollins,Jabez P. Campbell,Jd Fisher,James Thomas Fisher,Hiram Wilson,Josiah Henson,Wh Harris,John J. Carey,William H. Harrison,David Hollins,F. Lacy,B. Hoyt,William Scott,Isaac Washington,D. Goodley,G. Moragn,G. Brackston,G. Carey,W.P. Newman,J. Wilson,L.P. Barton,J. Anderson,E.B. Dunlop,H. Grey,H. Wilson,Lawson,H.R. Thomas,P. Harris,B.F. Young,J. Simpson,G. Weir,J. Mclean,R. Cheney,H. Bibb,A. Smith,H. Brent,A. Anderson,H.F. Stanton,Hamilton,F. Russel,J. Burns,J. Wagner,F. Degroat,J.C. Brown,J. Lisle,James Baker,William H. Topp,John Scoble,Henry Grey,Anderson,M.R. Delaney,Isaiah Clifford,J.P. Campbell,George Carey,T. Smallwood,J.J. Carey,Scoble,Campbell,J.C. Browns,J. C. Brown,Delaney,Wm H Topp,Henry F Stanton,Payton Harris,J P Campbell,Messrs Bibb,Jt Fisher,Wh Topp,J Lyles,Russel,H K Thomas,Baker,Hollins,J Lisle,J D Tinsley,Harris,Jp Campbell,Topp,Thomas,Israel Campbell,William H. Harris,Scobie,H. Henson,Bibb,J T Fisher,Fisher,Sandwich,Samuel R Ward,Shadd,David Jenkins,G. Beeman,William Lambert,M R Delaney,Stephen Myers,J. T. Fisher,James T. Taylor,J. Theodore Holly
1852.MD-07.27.BALT.txt,Frederick Douglass,William Tasker,Frederick,H. H. Webb,Josiah Hughes,Cornelius Campbell,William Williams,James A. Handy,William Perkins,Webb,Williams,Charles Wyman,Allen Lockerman,Caroline,B. Jenifer,Charles O. Fisher,John H. Walker,Walker,C. Perry,Stokes,Charles Williamson,Baltimore Sun,Ephraim Lawson,Wm. Tasker,F. Harris,James A. Jones,Harris,Stephen W. Hill,Chas,Williamson,James A. Jackson,Nicholas Penn,Patrick Henry,Handy,Jesus Christ,Perkins,Daniel Koburn,Charles Dobson,Talbot,Wyman,Joseph Bantem,O. Fisher,H. Walker,Thomas Buller,Daniel J. Ross
1853.IL-10.06.CHIC.txt,J. D. Bonner,Cook,R. J. Robinson,Madison,A. H. Richardson,Jo,Daviess,Henry Brown,Edgar,Coles,Augustus Dobbins,W. L. Barnes,Thomas Mason,Byrd Parker,H. Ellsworth,A. Ellsworth,Job Vinient,T. Roberts,Wm. Johnson,H. O. Wagoner,Willian Johnson,E. Gordon,William Smith,Alex Smith,C. W. Campbell,R. H. Rollins,William T. Watson,S. Sparrow,Mead,Bennet Johnson,John Jones,Lewis Isbell,J. H. Barguet,B. Smith,L. Johnson,E. A. Fulton,Augustus Hill,William Liverse,A. W. Jackson,B. Henderson,A.H. Richardson,R. H. Cain,J. Robinson,T. Y. Mason,William Smallwood,H. Brown,S. Donagan,William Robinson,W. H. Butler,William J. Davis,W.H. Smallwood,Alex. Smith,A. M. Ellsworth,William Johnson,W. T. Watson,E. Morris,Job Vincent,A. T. Burgundy Smith,H. Bradford,Dobbins,Horace Mann,William H. Seward,C. M. Clay,Lewis Tappan,Gerrit Smith,David Paul Brown,Chas,Durkee,Horace Greeley5,Frederick Douglass,Douglass,Codding,J. Davis,B. Parker,Harriet Beecher,E. D Holton,Snodgrass,Wagoner,Parker,Robinson,Donagan,Newsom,Alexander Smith,R. L. Cooper,Bonner,Barguet,H. B. Stowe,H. L. Barnes,M. R. Delany,Xxiii,William H. Day,Harriet Beecher Stowe,Tom,Alton,Galena,Spencer Donagan,Wlliam H. Robinson,B. J. Smith,A. T. Hall,Patrick Henry,Wm. Robinson,Jones,Arthur,Tappan,William Lloyd Garrison,Bertram Wyatt-Brown,Louis Ruchames,Horace Greeley,Stowe
1853.NY-07.06.ROCH.txt,Frederick Douglass,Harriet Beecher Stowe,James W. C. Pennington,Henry M. Wilson,Charles B. Ray,James Mccune Smith,Edward V. Clark,Wm. J. Wilson,Junius C. Morell,N. Y.,John N. Still,Amos N. Freeman,Jacob P. Morris,Wm. H. Topp,Stephen Myres,J W. Loguen,George T. Downing,Wm. Joeson,Providence R. I.,John N. Smith,Johm Mercer Langston,Wm. H. Day,David Jenkins,John I. Gaines,Charles H. Reason,J. J. G. Bias,J. B. Vashon,Robert Purvis,David Ruggles,L. Kelly,Robert Morris,C. L. Remond,H. O. Wagoner,E. P. Rogers,N. J.,Benjamin Lynch,Isaac Cross,Amos Gerry Beman,Jehiel C. Beman,George W. Francis,John E. Burr,Leverett C. Beman,Amos G. Beman,John Peck,Wm. Whipper,C. Nell,David Jenkings,L. A. Grimes,Stephen Smith,T. G. Campbell,Byrd Parker,A. G. Beman,Wm. C. Munroe,P. M.,Jehial C. Beman,President-James W. C. Pennington,James C. Mccrumbell,John B. Vashon,John Jones,Peter H. Clarke,Chas,B. Ray,Charles L. Reason,J. C. Mccrummell,C. H. Langston,J. C. Beman,Wm. C. Nell,C. Munroe,John J. Gaines,Horace B. Smith,Edward V. Clarke,A. N. Freeman,J. M. Whitfield,G. B. Vashon,Savior,Nathan Sandford,Robert Clark,Jay,Kent,Peter A. Jay,Martin Van Buren,Ogden Edwards,Ticonderoga,Monroe,Wm. Eustis,Morrill,Charles Pinckney,Jackson,Andrew Jackson,-- Niles,Thomas Butler,Aid-De-Camp,George B. Vashon,Wilson,Benjamin Templeton,Sumner,Wm. Wilson,William J. Wilson,William Whipper,J. Mccune Smith,Lewis Woodson,Payton Harris,J. N. Still,Uriah Boston,D. B. Bowser,J. Mercer Langston,M. M. Clark,A. M. Sumner,T. G. Campbell A. H. Adams,W. J. Watkins,J. D. Bonner,David H. Jackson,A. N,Freeman,J. I. Gaines,F. T. Newsome,W. C. Munroe,A. R. Green,Green,J. M. Langston,Gloster,Harris,J. G. Bowers,Downing,Gordon,Langston,G. T. Downing,Driver,Jenkins,George W. Clark,T. Downing,Boyd Parker,William H. Day,Day,James M'Cune Smith,M. F. Newsome,Cass,J. Wilson,Samuel Aaron,A. Dewey,H. O. Wagener,L. Tillman,Josephus Fowler,C. B. Ray,Pennington,Charles L. Remond,Bowser,Smith,Douglass,Walker,L. Woodson,Woodson,C. L. Reason,H. Langston,Stowe,Madam,Garnetts,Gerrit Smith,Garrison,William Lloyd Garrison,Dear Brethren,Augusta,Jesus,Christ,J. H. Wilson,M. D.,Henry Mckinney,Hale,Julian,Fugitive Bill,Wil,Mccrummel,G. M. Willis,R. D. Willis,Gaines,Whipper,Kenney,Joseph C. Holley,Parker,W. Whipper,Bradford King,T. Thomas,W. H. Channing,Francis Thompson,J. H. Hurley,J. W. Lewis,H. C. Smith,W. C. Nell,J. B. Sanderson,Abraham C. Rice,Jehiel C. Beeman,Amos G. Beeman,John Freeman,James D. Bonner,John T. Brittain,W. H. Day,W. C. Monroe,Holland,Boor,Booress,Stout,John Adams,Caffres,Stollz,Slambie,Islambi,Makanna,Kraals,Gaika,Dushani,Kongo,Cobden,R. Cobden,Joseph Sturge,Birkenhead,Cornet John Rolt,Lancaster,Glover,Lieutenants Robinson,Propontis,Dennett,Pears,Julius Caesar,Cathcart,John Bull,John,W. Mclain,Mclain,Anglo Saxon,Norman,Saxon,Heren,Lyon,Roberts,King Boombo,Boombo,J.W.C. Pennington
1854.CT-09.27.MIDD.txt,Douglass,Beman,E. D. Bassett,G. W. Francis,A. G. Beman,Frederick Douglass,Charles B. Ray,Ray,Wilbur Fisk,John Wesley,Junior,S. P. Dole,Walker,Garrison,Wm. L. Garrison,Jehiel C. Beman,A. G. B,Fisk
1854.MA-01.02.BOST.txt,L. A. Grime,William C. Nell,Joel W. Lewis,Lewis Hayden,Robert Morris,Nestor P. Freeman,Leonard A. Grimes,Henry Hatton,T. H. Ringgold,Perry Adams,Henry O. Remington,Wilham H. Woods,H Ringgold,Grimes,J. B. Sanderson,Thomas H. Ringgold,Perry F. Adams,P. M.,William H. Woods,H. Ringgold,Jeremiah B. Sanderson,C. L. Reason,Morris,Ringgold,Hayden,Adams,Sanderson,Nell,Downing,Marr,Woods,Remington,H. B. Stowe,Frederick Douglass,Stowe,Douglass,W. C. Nell,P. F. Adams,Fredrick Douglass,Jonas W. Clark,Wm. C. Nell,Lewis Hyden,Harriet Beecher Stowe,H. O. Remington,John M. Lenox,C. L. Remond,C. Lenox Remond,Leonard Grimes,Adam,Hatton,Robert Johnson,H. Hatton,John T. Hilton,Francis Clough,William H. Brown,Wm. H. Woods,George Gilmore,Wesley Berry,J. W. Fountain,Prest,Jeremiah Sanderson
1854.NY-01.02.ALBA.txt,J. W. Loguen,William H. Topp,Messrs. Topp,Rich,Duffins,Wm. H. Topp,Syracuse,J. C. Morrel,Wm. Rice,Troy,D. K. Mcdonough,J. W. B. Smith,Messr,Rick,Smith,J.W. Loguen,J. W. Duffins '' Cor,Mcdonough,Morrel,H. Topp,W. Rich,J. W. Duffins,J. B. Smith,Duffin,Wm. J. Wilson,J. W Loguen,George Weir,Uriah Boston,Lougen,Loguen,H. M. Wilson,William J. Wilson,Charles B. Ray,Messrs. J. C. Morrel,J. W. C. Pennington,Wilson,John B. Vashon,Frederick Douglass,William Rich,Topp,Lewis H. Nelson,P. A. Bell,E. V. Clark,J. E. Brown,A. B. Platt,W. H. Storum,James Hall,Stephen Meyers,W. J. Wilson,J. N. Still,Wm. Tyson,Amos A. Freeman,A. B. Slater,W. W. Mathews,J. H. Storum,Charles Pain,George Morse,Meyers,Morse,Philip A. Bell,Edward V. Clark,Wm. W. Mathews,Charles Paine Lansinburgh,James Hall Chemung,William H. Storum Canandaigua,Nelson,J. C. Holly,Wm. Rich,James C. Morrel,James William Charles Pennington,Bell
1855.CA-11.20.SACR.txt,J. B. Sanderson,Jacob Francis,Albert Vaniel,J. H. Townsend,E. P. Duplex,M. W. Gibbs,Alfred White,Edward R. Phelps,William H. Thomas,Joseph Smallwood,John Butler,William Quinn,Peter Blackstone,Charles H. Mcdougal,John Galley,William J. Harin,Isaac Morton,George W. Booth,John G. Wilson,Thomas Detter,David Brown,James Nicholas,Clayton Miller,James R. Starkey,David Lewis,Edward P. Duplex,Isaac Triplet,Daniel Mahoney,Dennis Carter,George Duvall,Jeremiah King,H. M. Collins,W. H. Newby,J. P. Dyer,D. W. Ruggles,F. G. Barbadoes,Henry F. Thompson,J. D. Gilliard,T. M. D. Ward,D. P. Stokes,Henry Cornish,Edward J. Johnson,J. J. Moore,William H. Yates,Peter Anderson,William H. Harper,Fielding Smithea,W. D. Moses,Alfred J. White,John H. Morris,Sanderson,J. G. Wilson,Jefferson,Townsend,D. Mahoney,Newby,Moore,Yates,Wilson,Ward,Stokes,Alexander,Sutter,Frederic G. Barbadoes,John J. Moore,William H. Newby,Edward Phelps,Isaac Triplett,William Queen,B. P. Stokes,Ed,Gilliard,Morris,E. A. Phelps,Lewis,Smithea,Gibbs,Darius P. Stokes,Ruggles,Anderson,Chas,H. Mcdougall,J. H. Morris,J. Q. Starkey,A. W. Gibbs,W. Booth,A. J. White,A. Duvall,A. Vaniel,D. Carter,Shadrack Howard,Amador,Ben Min Young,Edward Hatton,William Johnson,J. J. Underwood,George W. Miller,Thomas Rix,Brooks,Joseph Pindall,Newport F. Henry,A. W. Hernandez,Samuel Kunee,Isaac Johnson,Solano,Simms,E. K. Knight,Knight,William J. Hardin,J. Moore,Carter,Mcdougall,Collins,Cornish,El Dorado,Phelps,E. R. Phelps,C. H. Mcdougall,Frederick -Rsb- Douglass,W. Newby,Vaniel,Smallwood,D. Stokes,J. Francis,White,Bacon,George A. Duvall
1855.CT-04-18.HART.txt,J.P. Anthony,Amos G. Beman,John P. Anthony,Ebenezer D. Bassett,C. Beman
1855.NY-01.20.ALBA.txt,Hunt,J.W.C. Pennington,Henry Hicks,William Mathews,Washington Hunt,Jeremiah Powers,Horatio Seymour,Frederick Douglass,Lewis H. Putnam,Putnam,Samuel E. Cornish,George T. Downing,George Walker,J. W. C. Pennington,George
1855.NY-09.04.TROY.txt,P. A. Bell,Thomas L. Jennings,Edward V. Clark,Charles B. Ray,Jas,Mccune Smith,John J. Zuille,J. J. Simons,Jacob Gibbs,Joseph Smith,Mcdonald,J. W. Pennington,Peter Ray,Williamsburgh,Lewis Nelson,Wm. J. Wilson,J. N. Still,Catskill,Jacob Schemerhorn,Joseph Dell,Hudson,Chauncy Van Hussen,Peter Van De Zee New Baltimore,Lewis Jackson,John Jones,Sandy Lake,Francis Thompson,Peter Hornbeck,George Brown,James Collins,James Lewis,J. W. Loguen,James W. Randolph,Wm. Gardiner,Richard Wright,Stephen Myers,Joseph Newit,Benj,Bourman,Troy,Wm. Rich,Jonathan C. Gibbs,James H. Davis,Uriah Boston,Frederick Douglass,Wm. J. Watkins,Hodges,J. J. Simonds,Mathews,Gibbs,Bell,Douglass,J.J. Simonds,Kelly,Barbary Anna Stewart,J. C. Gibbs,Ray,Joseph Bell,R.A. Griffin,Bowen,Wayne,Tompkins,Madison,Sullivan,Montgomery,G. F. Iverson,Lewis,Hamilton,Warren,Clinton,St. Lawrence,Greene,Putnam,C. B. Ray,J. W. Duffin,E. H. Mathews,P. W. Ray,S. Myers,R. D. Kerndey,Horace Greeley,Daniel Webster,Junius Of Lord Granville,Cowper,W.,John,Uncle Robert,Rich,Wm. J. Hodges,A.B.,Philip A. Bell,Peter W. Ray,U. C. Farlen,Rand,William J. Watkins,Watkins,Robert Morris,Gerrit Smith,John Mercer Langston,Philip S. Foner,John H. Wheeler,Jane Johnson,Daniel,Isaiah,Wheeler,Passmore Williamson,Williamson,Jane,John K. Kane,Kane,Johnson,Lawrence,G. I. Totlebein,Malakhov
1855.PA-10.16.PHIL.txt,Stephen Smith,Stephen Myers,Smith,Franklin Turner,Isaiah,William J. Wilson,John W. Lewis,J. F. Williams,Amos G. Beman,J. C. Beman,J. Campbell,L. A. Grimes,Robert Morris,John S. Rock,Leonard S. Grimes,Charles L. Remond William C. Nell,Leo,T. Lloyd,William Jackson,George T. Downing,George Ii,Samuel T. Gray,A. J. Morrison,James W. Duffin,Jason Jeffries,William H. Topp,W. J. Hodge,Lewis H. Nelson,Daniel Russel,J. J. Simons,Joseph B. Smith,George Le Verre,Janius C. Morrell,James M. Williams,W. J. Wilson,Robert Hambleton,Edward Crosberry,Jacob R. Gibbs,Thomas J. White,J. Mccune Smith,Peter A. Bell,Edward V. Clark,R. D. Kenny,C. B. Ray,Peter S. Porter,Henry Beverly,Charles L. Williams,J. W. Bowers,J. J. Scott,J. W. C. Pennington,Peter M. Gray,David Rossell,Charles S. Hodges,Fredrick Douglass,William J. Watkins,J. R. V. Morgan,Robert Collins,Adam S. Driver,James H. Wilson,Ulysses B. Vidal,John C. Bowers,Charles L. Reason,Jesse Bolden,James,Joseph C. Stevens,Alfred S. Cassey,Henry Ray,Jacob C. White,Francis A. Duterte,Samuel Van Brakle,Edward M. Thomas,Joel Ware,Davis D. Turner,Benjamin B. Moore,Rachel Cliff,Samuel Golden,Elizabeth Armstrong,J. J. Gould Bias,Isaiah C. Wears,Basil Macal,Daniel Morgan,Edward Young,Robert Douglass,Peter Burtou,James Mccrummill,Grayton S. Nelson,Jeremiah Asher,William W. Whipper,Addison W. Lively,Aaron L. Still,Charles H. Bustill,William A. K. Smith,William R. Decorderer,William Parker,Robert Purvis,Daniel Colly,John F. Willams,Jabez P. Campbell,Edmund Kelly,Thomas C. Burton,William P.Price,William T. Cato,Nathaniel W. Depee,G. W. Reed,Joshua Woodland,E. J. Adams,James Presser,John G. Dutton,Samuel Williams,Jacob W. Glasgow,Robert Jones,Thomas Charnock,James G. Frisby,Jonathan Lopeman,James Needham,William Douglass,Thomas P. Hunt,Samuel H. Amos,Augustus Dorsey,Ebenezer Black,Thomas Gibbs,William Moore,John Addison,Thomas Kennard,Joseph Reeves,E. P. Rogers,Henry A. Thompson,E. H. Treeman,Robert Stewart,Mary A. Shadd,Abram J. Morrison,J. C. White,J. S. Rock,J. C. Morrell,G. D. Washington,J - Mccrummell,John F. Williams,J. W. Duffin,P. A. Bell,W. Levere,N. Y.,J. J. G. Bias,Mccune Smith,C. H. Bustill,Wm. H. Topp,N. Y. ; Geo,Aaron Still,Chas,L. Remond,G.V. Nelson,Wm. T. Catts,E. J. Marsh,Beman,Edward Galpin,William C. Nell,Reese,William Whipper,J. W. Lewis,Charles L. Remond,F. Douglass,Shadd,Wm. J. Watkins,J. C. Wears,C. S. Hodges,J. C. Bowers,Wears,T. P. Hunt,Nell,Johnson,Peck,Bowers,Woodson,Peter H. Clark,J. Bonner,Clark,Copartnerships,Baker,Cooper,Mason,Sampson White,Charles Birch,Fuller,Martin,Passmore Williamson,Williamson,R. I.,John Ballard,William Custis,John Braddock,William Still,James Martin,Josiah Moore,Jane Johnson,J. Watkins,E. Kelly,Bolden,Jas,Kelly,Morrell,J. J. Gould,Frederick Douglass,Josiah C. Wears,C. W. Gardiner,Jacob Handy,C. L. Remond,T. Downing,Gray,Geo,S. Golden,Jesus Christ,Wm. H. Seward,Wm. J. Bowditch,Handy,Wm. Douglass,C. L. Reason,J. C. Beeman,W. J. Watkins,Wm. C. Nell,E. V. Clark,Frances A. Duterte,Walker,Kinney,James Leonard,L.,Charles W. Gardner
1856.CA-12.09.SACR.txt,J. H. Townsend,J. B. Sanderson,F. G. Barbadoes,W. H. Newby,Vosburgh,Thomas Detter,M. S. Haynes,E. K. Phelps,A. E. Dennison,Jacob Francis,W. Miller,A. Sisco,B. B. Young,E. Vincent,T. J. Vosburgh,M. J. Brown,E. A. Booth,R. A. Hall,G. F. Fletcher,J. M. Flowers,Wm. H. Hall,Andrew Collins,G. B. Brown,F. Hutfield,John Buckner,G. W. Booth,F. Lawrence,J. C. Mortimer,J. B. Handy,James Hubbard,R. W. Freman,S. Holmes,David Lewis,John Wilmot,W. M. Newby,J. J. Moore,E. J. Johnson,A. G. Dennison,G. W. Gordon,C. B. Bass,H. M. Collins,Peter Anderson,Wm. F. Courts,F. R. Carter,Nathan Pointer,E. H. Parker,M. W. Gibbs,C. H. Mcdougall,D. P. Stokes,Daniel Seals,Charles Satchel,J. E. Brown,W. H. Hall,J. B. Johnson,Alex. Ferguson,Mariposa,Thomas Duff,Sam,B. Hyer,Wm. Robinson,C. M. Wilson,I. P. Gibbs,C. A. Gibson,W. H. Harper,H. F. Smithl,N. F. Henry,Detter,Sanderson,Newby,W. Booth,Townsend,Lewis,Henry,Moore,Townsends,W.H. Harper,E. R. Phelps,Duff,Aaron Sisco,Napa,I. Gibbs,Richard Hall,S. B. Hyer,G. W. Miller,W. F. Courts,W. D. Moses,H. Harper,H. Hall,B. Young,H.T. Smith,T. Duff,F.G. Barbadoes,H. Newby,J.B. Sanderson,F.J. Vosburgh,S. Howard,J.J. Moore,Mitchell S. Haynes,Francis,Jacob,Newport F. Henry,Nelson,God,T. Detter,R. Hall,J. Francis,A. Ferguson,A. Collins,F. Henry,Booth,F. Hatfield,F. J. Vosburgh,Ferguson,El Dorado,D. Lewis,A. Furguson,C. H. Wilson,Emory Waters,F. J. Wosburgh,Hall,Lewis Mortimore,Charles Gibson,Gordon,David Seals,George W. Booth,Lawrence,N. Henry,J. F. Lawrence,Charles M. Wilson,William H. Thomas,Anderson,Barbadoes,Robinson,Patrick -Rsb- Henry,J. Hubbard,George Gordon,Brooks,Handy,Daniel Webster,Isaiah Gibbs,P. Anderson,Armstead Pollock,William Quinn,George Anderson,James Butler,J. Smith,C. Smith,J. Moss,P. Williams,Ray,Quinn,Butler,Phelps,Hayne,Thomas,Wilmot,Harper,Hyer,Frank Hatfield,J. Brown,R. H. Hall,Geo,W. H. Thomas,Miller,Wilson,Hubbard,E. P. Duplex,Jane R. Fortie,Jane R,Fortie,D. Wills,W. J. Bird,Kenedy,William Rich,Isaac Flood,John Paterson,W.H. Holmes,Peter Blackstone,James Allen,R. Tilghman,Matthias Cooper,Wilson Freeman,G. Brooks,William Hough,H. W. Hall,Hatfield,Thomas J.Ricks,Manuel Quivas,Stephen Hilman,Joseph Adams,L. A. Munroe,H. M. Pennington,Jacob Sinclair,E. Halton,Jordon Caselev,James H. Hubbard,Edward A. Booth,James Howard,Isaiah P. Gibbs,Joseph G. Underwood,Dudlop,J. B. Starkey,George W. Gordon,W. C. Patrick,M. Campbell,Samuel B. Hyer,John Black,D. Brown,J. J. Butler,T. W. Burgess,Elisha Banks,J. J. Pindall,E. D. Vincent,Charles W. Hall,Samuel Kunee,George W. Johnson,Benjamin Franklin,Nathan Furbert,Alfred J. White,H. T. Smith,R. Banks,J. D. Guillard,A. Oldham,E. H. Duplex,G. R. Symes,A. Jackson,Howard,B. Sanderson,E. Waters,Jefferson,Collins,Haynes,Moses,Jackson,Herbert,James King Of Wm.,Duplex,Washington,M. S. Hayne,George R. Symes,Joseph J. Underwood,Flowers,Newbys,William H. Hall,Smith,J. Howard,Secy,H. F. Smith,M. S. Hayes,J. W. H. Newby,Michigan Bluff,J.J. Underwood,J W. H. Newby,J. Moore,Lucius
1856.IL-11.13.ALTO.txt,Alton,John Jones,Cook,W. L. Barnes,H. Ford Douglass,William Johnson,C. W. Ellis,H. Bradford,J. H. Barguett,Joseph Patrick,Cary,L. Isbell,Lewis Isbell,Thomas Mason,C. C. Richardson,J. Kelley,Louis Overton,E. White,E. Wilkerson,H. Douglass King,J. H. Johnson,A. W. Jackson,L. Magee,J. Samuels,R. J. Robinson,H. D. King,Lewis Overton,Madison,James H. Johnson,William L. Barnes,Thomas Of Mason,H. F. Douglass,Edward White,Johnson,L. Overton,George,G. White,Robinson,Louis Isbell,A. H. Richardson,Augustus Hill,R. H. Rollins,B. L. Ford,J. F. Platt,Mason,Jones,Overton,Moses,Douglass,Jackson,Kelly,Magee,Isbell,Barnes,Wilkerson,Richardson,Samuels,H.O. Wagoner,H. O. Wagoner,Hill,Wm. Johnson,M. Cary Of Cook,John A. Crisup,William Jackson,Henry Bradford,J. H. Barquet,Wm. Barton,B. Henderson,Frederick K. Waldren,P. H. Ward,B. Allen,Frederick Douglass,John C. Calhoun,Franklin Pierce,Kane,Toombs,Pompey,Sherman,Brougham,Fremont,Milton,Wendell Phillips,Julius Caesar,Bacon,J. Robinson,Viii
1856.OH-01.16.COLU.txt,John Booker,D. Jenkins,P. H. Clark,J. Mercer Langston,Solomon Grimes,J. H. Harris,L. D. Taylor,C. H. Langston,W. B. Ferguson,J. Poindexter,James Evans,Isham Martin,J. S. Ward,George Johnson,John I. Gaines,Peter H. Clark,C. A. Yancy,Anderson Flinn,Granville Foster,Ross County,D. E. James,C. D. Williams,J. H. Williams,Hinton Coles,Lewis Toles,Lewis Adams,Henry Ford,John H. Williams,Francis Adams,George Reynolds,A. J. Scott,R. Heathcock,Wm. Walden,H. T. Rankin,U. D. Harris,J. Bruce,J. J. Williamson,James Lott,John Miner,John Malvin,A. Flinn,Benford,W. D. Harris,John M. Langston,Charles Williams,James Poindexter,John Williams,G. Johnson,Turban,Langston,Clark,Gaines,Douglas,J. M. Langston,Peter,Cha,Charles Langston,Charles A Yancy,Canfield,Brown,Taylor,Harris,Lucifer,Carlyle,Sara G. Staley,J. Watson,J. Malvin,W. A. Scott,J. Booker,Gerrit Smith,J. R. Giddings,Jonathan Underwood,J. T. Ward,John T. Ward
1857.CA-10.20.SANF.txt,W. H. Newby
1857.IA-01.05.MUSC.txt,Bowser,Benjamin Matthews,Wm. Bener,Linn,Charles Jackson,A. Clark,R.H. Cain,Hiner,J.P. Prichard,T.C. Mott,Noah Tutt,Archimedes,Alex Clark,Alexander Clark,I.N. Tripler,Edward Herenden,Samuel Meeks,P. Neal,D. Segrel,Benjamin Franklin,Loundon Triplett,Alfred Mason,G. Kelpher,Wm. Edwards,Clark,John G. Hudson,Kirkwood,Harlan,Grimes,Lowe,N.B. Baker,Stone,Emanuel Franklin Of Davenport,Corbin,Sergt,Mason,Abraham Lincoln,H. Price,H. O'Conner,Jacob Butler,I.N. Triplett,J. Neal,Daniel Segrel
1857.OH-01.21.COLU.txt,Peter H. Clark,Frederick Douglass,John Mercer Langston,John Jones,J. I. Gaines,Charles H. Langston,Thomas Goode,David Jenkins,John Booker,Jno,Malvin,W. H. Burnham,John Watson,Henry A. Wise,Franklin Pierce,James Buchanan,Jenkins,J. A. Chancellor,W. P. Morgan,J. M. Langston,Granville Foster,D. S. Bruce,David Barnett,Pike,John M. Langston,W. W. Johnson,D. Jenkins,C. H. Langston,P. H. Clark,John I. Gaines,John Malvin,Evans,C. D. Williams,W. H. Fuller,Thomas J. Goode,W. H. Mann,George W. Roots,Fenton M. Harper,W. Hocking,William Johnson,J. Archer,B. E. Heathcock,W. P. Moxley,William Walden,J. Manley,John C. Jones,W. H. Hanster,Henry Washing,Robert Piles,A. A. Allen,Henry Lucas,William Henry,Allen Johnson,Augustus Anderson,James E. Evans,Isham Martin,Wilman Milton,W. Hurst Burnham,R. B. Leech,John Wesley,Scott,L. D. Taylor,Langston,Lorenzo Dow Taylor,Taylor,Henry,Jefferson,Edward Tiffin,Patrick Henry,Charles,Daniel Webster,S. S. Steward,Saxon,Jackson,George E. Pugh,Pugh,Bryant,Webster,Whitfield,Nell,Douglass,Phelimon Bliss,Joseph,Kent,Jackson Pike,Bunker Hill,John G. Palfrey
1858.MA-08.01.NEWB.txt,Robert Gibson,Lewis Gaul,Thomas H. Perkins,Richard Johnson,Thomas Price,Bela C. Perry,Perry,John Freedom,W.C. Nell,Wm. Berry,Lewis Hayden,Ebenezer Hemmenway,H. Brooks,Charles L. Remond,Taney,Remond,Henson,William Wells Brown,Solomon Peneton,Chas,L. Remond,L.A. Grimes,H.O. Remington,Robert Morris,Anthony T. Jordain,E.F.B. Mundrucu,B.C. Perry,A.T. Jordain,George Allen,Josiah Henson,Uncle Tom,Stowe,J.B. Smith,Wm. C. Nell,John J. Smith,L.H. Brooks,Jeremiah Harvey,Brown,Scott,William Tell,William Wilberforce,William C. Nell,Bleby,George Thompson,Scot,Curtis,Hosea Easton,Peter Salem,Stephen A. Douglas,Bill,John A. Andrew,George D. Wells,William Penn Howland,Matthew Howland,Mary Nichols,Howland,Henry Johnson,Charles W. Dennison,C.L. Remond,Hayden,Morris,Lucy Stone Blackwell,Sarah Antone,Nell,Alexander Roberts,William Deitz,J.B. Smith14,Simms,William Wallace16,Thomas S. Chester,Roberts,Randolph,W.W. Brown,Blain,Isaiah C. Ray17,Troy,Hunter,Peneton,J.J. Smtih,Allen,Johnson
1858.NY-09.14.TROY.txt,Rich,F. Thompson,Wm. Butler,J.H. Townsend,G.C. Levere,W. Dietz,W.J. Watkins,J.C. Gibbs,J.J. Symonds,W.F. Mowers,W.W. Matthews,W. Johnson,J.W. Duffin,W.P. Mcintyre,William Hodges,Watkins,Frederick Douglass,Taney,Symonds,Deyo,Hodges,Myers,Thompson,Townsend,Williams,Wright,Smith,Duffin,Garnet,S.,Gerrit Smith,Scott Decision,Scott,Roger B. Taney,Edwin D. Morgan,Morgan,George Walker
1858.ON-05.08.CHAT.txt,Harper,Brown,Osborne P. Anderson,A. M.,John Brown,Jackson,William C. Munroe,J. H. Kagi,Delany,Kinnard,Whipple,Reynolds,Munroe,Owen Brown,Kagi,M. R. Delany,Wm. C. Munroe,Cook,Bell,Realf,Thomas M. Kinnard,Anderson,J. W. Loguen,Loguen,A. M. Ellsworth,Osborn Anderson,Richard Realf,P. M.,George B. Grill,L. F. Parsons,C. P. Todd,C. Whipple,C. W. Moffit,John E. Cook,Stewart Taylor,Richard Richardson,W. H. Leeman,John Lawrence,William Charles Munroe,G. J. Reynolds,J. C. Grant,A. J. Smith,James M. Jones,George B. Gill,M. F. Bailey,William Lambert,S. Hunton,John J. Jackson,J. Anderson,Alfred Whipple,James M. Buel,Alfred M. Ellsworth,James W. Purnell,George Aiken,Stephen Dettin,Thomas Hickerson,John Caunel,Robinson Alexander,Thomas F. Cary,M. H. Delany,Robert Vanvanken,Thomas M. Stringer,Charles P. Tidd,John A. Thomas,I. D. Shadd,Robert Newman,J. H. Harris,Charles Smith,Simon Fislin,Isaac Holler,James Smith
1859.IN-01.25.INDI.txt,E. Weaver
1863.KS-10.13.LEAV.txt,J. W. Scott,J. H. Morris,W. H. Burnham,Morris,Menser,John Turner,N. Johnson,E. C. Menser,J. Montgomery,Lynn,Thomas Newton,Jesse Henderson,Burnham,W. N. Johnson,Edward Menser,Lilburn Drake,John Montgomery,Chesley Jones,Charles Clark,Leavenworth,Robert Calwell,Burrell Atchison,John H. Morris,Henderson,Samuel Watkins,Wm. H. Burnham,Wm. Henderson,Berry Craig,D. Mathews,John Lewis,Reed,G. Brooks,Benjamin Barney,Burrel Atchison,Newton,Blunt,James H. Lane,S. C. Pomeroy,A. C. Wilder,Wodson N. Twine,William D. Mathews,Lewis Overton,E.C. Menser,Wm. D. Mathews
1863.NY-07.16.POUG.txt,Edward Gilbert,Lewis Francis,James Fairman,J. H. Townsend,Robert Vosburgh,J. N. Gloucester,C. B. Ray,A. J. Aldridge,William Rich,Troy,J. W. C. Pennington,N. P. Thompson,W. C. Marshall,P. B. Randolph,Chas,E. Vermont,Wilfulness,Jesus,John Charles Fremont,John Van Pelt,Glen,J. M. Loguen,N. D. Thompson,Wm. Crocker,Wm. Rich,N. Gibbs,A. Bolin,Goodell,Robert Hamilton,J. A. Jackson,C. E. Vermong,P.B. Randolph,Sumner,Charles Sumner,William Whiting,Touissant L'Overture,Jackson,Abraham Lincoln
1864.NY-10.04.SYRA.txt,J.S. Rock,John S. Rock,George L. Ruffin,Henry Highland Garnet,John M. Langston,Howard Day,George R. Taylor,Garnet,Frederick Douglass,Peter H. Clark,William W. Brown,Stephen Myers,Elisha Weaver,Samuel J. Murray,William W. Ruby,James F. Murray,John B. Smith,Wm. W. Brown,Samuel Harrison,T. Downing,F.L. Cordozo,Peter H. Nott,C. Freeman,Wm. F. Johnson,Abram J. Morrison,R.J.,Hamilton,Singleton Jones,J.W.C. Pennington,P.B. Randolph,Henry H. Garnet,J. Sella Martin,R.H. Cain,Lewis H. Putnam,Peter H. Williams,Peter W. Ray,William H. Johnson,George W. Johnson,James C. Matthews,Robert Jackson,John Cutler,H.W. Johnson,Cunandaigua,Andrew B. Slater,W.W. Denike,William Grey,F.P. Lapierre,F.C. Lippins,Peter Freeman,James H. Washington,Francis J. Peck,George Weir,George Dover,Samuel Murray,Peyton Harris,Fred ' K Douglass,James Taylor,Thomas James,William H. Bruce,J.W. Loguen,W.H. Brown,T.A. Keen,Isaac Deyo,A. Bolden,Thomas Johnson,James Schemeohorn,W.H. Decker,Walter K. Mower,Samuel J. Hollinsworth,Thomas H. Thomas,Jacob Thomas,C.W. Robinson,A.J. Barrier,Enoch Moore,Edwin H. Freeman,Thomas G. Gould,Thomas H. Cooper,D.P. Seaton,E.D. Basset,J.C. Gibbs,John B. Reeve,Thomas J. Bowers,Alfred M. Green,H.J. Brown,George W. Goines,John W. Page,P.N. Judah,A. Bryan,D.D. Turner,John W. Simpson,D. Miller,Joseph C. Bustill,Charles B. Colly,Octavius V. Catto,James Needham,Jacob C. White,R. Taylor,James H. Wilson,Samuel Morris,William Nesbit,Daniel Williams,Joseph A. Nelson,John Peck,B.W. Arnett,P. Houston Murray,J.J. Wright,Wlliam Douglass,Corris,James Davenger,George Butler,R.D. Beckley,Sampson,P. Morrison,E.G. Corprew,William Keeling,A.H. Galloway,Newbern,Samuel J. Williams,M. Scottron,James H. Ingraham,Samuel Scott,N. Orleans,John P. Sampson,Wm. P. Newman,John Malvin,J.A. Davis,Henry Lee,J.M.C. Simpson,G.W. Bryant,B.K. Sampson,H.P. Harris,Adrian,Henry F. Butler,John D. Richards,George H. Parker,Peter Lowrey,Abraham Smith,Morris Henderson,Horatio N. Rankin,Preston G. Wells,William Wilson,Green,H.H. Garnet,William Douglass,E.D. Bassett,Randolph,H. Johnson,E. Weaver,Robert Hamilton,Downing,Bassett,P.W. Ray,George T. Downing,James M. Scottron,P.G. Wells,Douglass,W.W. Ruby,James Jefferson,Abraham J. Morrison,William Rich,S.G. Gould,Abram H. Galloway,Charles P. Head,Ebenezer D. Bassett,Edwin C. Freeman,Johnson,J. Mercer Langston,William P. Newman,James,Bruce,Davenger,Basset,Lee,Clark,Brown,J.M. Langston,Wm. H. Johnson,J.H. Ingraham,Samuel M. Scottron,J.D. Richards,F.L. Cordoza,S.J. Murray,W.H. Johnson,G.B. Vashon,William Nesbitt,George B. Vashon,H.H. Bruce,Langston,B. Randolph,Bryant,O.C. Hughes,William Wells Brown,Wright,F. Douglass,W.W. Brown,Murray,Myers,Elkins,Henry Moore,Richards,Newman,J.B. Smith,Ingraham,Cailloux,John Brown,Seward,Martin,Anna Dickinsons,Edmonia Highgate,Bates,P. H. Clark,H. H. Garnet,L. H. Putnam,W. H. Johnson,William F. Murray,D. D. Turner,N. Y.,J. P. Sampson,J. M. Langston,Turner,A. M.,P. M.,W. P. Newman,Weaver,William Howard Day,Cork,O'Connell,P. B. Randolph,Abraham,Wagner,Afric,Jonathan C. Gibbs,Gibbs,John A. Andrew,Milliken,Lincoln,Mcclellan,Patercules,Frances Ellen Watkins Harper,Cain,W.P. Newman,Chase,Jeff,Davis,Vashon,J. Houston,James Cochran,Abram Smith,Davis D. Turner,J. D. Richards,Harris,A. H. Galloway,W. Keeling,Singleton T. Jones,J. M Langston,O. C. Hughes,Sumner,Butler,William H. Day,J. W. Loguen,Samuel F. Murray,J. H. Ingraham,P. G. Wells,H. P. Harris,D. P. Seaton,Paschal B. Randolph,W. H. Decker,W. H. Bruce,M.D. George B. Vashon,P. W. Ray,William Howard,Bill,Taney,William H. Seward,Jefferson Davis,Hughes,Seymour,Grant,Sherman
1865.CA-10.25.SACR.txt,R. A. Hall,Wm. H. Hall,Hall,John J. Moore,Moore,Philip A. Bell,T. M. D. Ward,A. L. Jackson,J. Madden,W. H. Yates,Yates,O. M. Briggs,Briggs,Peter Anderson,E. A. Clark,B. Campbell,W. H. Cristopher,R. F. Shorter,Amos Johnson,Fred,G. Barbadoes,W. H. Harper,Basil Campbell,W. H. Christopher,Jacob Madden,P. Kellingworth,Ruggles,Barbadoes,Ward,R. A. Wm. H. Yates,R. H. Small,J. J. Moore,W.H. Hall,E. P. Duplex,Clark,W. H. Hall,P. A. Bell,D. W. Ruggles,J. R. Starkey,E. E. Parker,Wm. H. Harper,E. P. Hilton,J. P. Dyer,Bryant,M. L. Rogers,E. W. Parker,J. H. Hubbard,Shorter,Anderson,J. H. Johnson,R. Mcgaines,P. Anderson,J. Madison Bell,J. Smallwood,H. M. Collins,F. G. Barbadoes,Edward A. Clark,P. L. Hickman,A. D. Berghardt,Richard F. Shorter,Napa Wm. H. Christopher,Yolo Basil Campbell,Sonoma,Peter Killingworth,Yuba,Ed,P. Duplex,W. J. O. Bryant,El Dorado,James M. Oliver,Robert H. Small,James Cefous,John Peterson,Solano,N. E. Speights,I. P. Gibbs,Santa Cruz,W. Smith,F. W. B. Grinnage,M. C. Briggs,James B. Jenkins,Jenkins,P. W. Cassey,W. A. Smith,Jackson,Starkey,Small,Harper,Hubbard,H. Newby,John Freeman,Jr.,John G. Wilson,N. Bedford,Johnson,John Tyler,Millard Fillmore,Emmett,Hoyt,Daniel O'Connell4,Hughes,Bell,A. E. Church,Wm. H. Christopher,Rogers,Lincoln,Bates,Copperhead,Negro,Emmet,Walton,O'Connell,Schiller,Lamartine,George Iii,Patrick Henry,Roger B. Taney,Jeffreys,Scott,W. M. Gwin,P. T. Herbert,J. B. Weller,Saxon,Smalls,Aaron L. Jackson,Moses L. Rogers,Edward W. Parker,Henry Williamson,E. A. Clarke,W. H. Newby,William N. Bedford,Cefos,Madden,Killingworth,Lassen-John C. Jenkins,W. Lee,Yolo-Basil Campbell,Solana,Hatton,Del Norte,J. Pindell,Sutter,Amador,Calaveras-James Cefos,Tulare-Moses I. Rogers,D. Carter,H. Yates,Kellingworth,H. Hall,Mariposa,P. Killingworth,L. P. Hickman,Yolo,J. Peterson,Napa,J. Cefos,J. M. Oliver,G. W. Smith,Peter W. Cassey,Richard A. Hall,Edward E. Duplex,Richard P. Shorter,Wm. H. Yates,Messrs. J. J. Moore,Wm. H. Harpers,Wm. Bird
1865.CT-06.06.NEWH.01.txt,Jesus Christ,Omeka
1865.IN-10.24.INDI.txt,W. S. Lankford,J. G. Britton,Moses Broyals,W. G. Robinson,E. E. Outland
1865.MA-12.20.BOST.txt,George L. Ruffin,L. A. Grimes,William Wells Brown,Grimes,Peter Ross,Frederick Douglass,Charles L. Remond,George F. Downing,E. P. Talbot,William W. Brown,S. S. Murray,A. T. Jourdain,Amos W. Green,Peter Mott,Geo,T. Downing,James L. Sherman,W. G. Hudson,R. G. Walker,Wm. Steamburg,Wm. Talbot,Kay,George T. Downing,R. I.,Johnson,Charles Sumner,Downing,Hayden,Ruffin,Douglass,B. L. Read,Robert Caldwell,M. R. De Mortie,Lewis Hayden,M. Brown,John T. Halsey,James G. Wilson,George Washington,James Mccune Smith,Talbot,Robert Lee,Remond,Sergt,Porter,Read,James T. Francis
1865.NC-09.29.RALE.01.txt,Newbern,Galloway,John Good Of Newbern,J.W. Hood,Craven,J.H. Harris,J.P. Shooks,John Randolph,W. Cawthorn,J.R. Caswell,Alex. Bass,Eliphalet Whittlesey,Holden,Ruger,J.A. Harris,Greeley,Jas,Harris,E.S.,Alexander Bass,Draven,Edgecomb,Wayne,Warren,Gates,Robeson,Pitt,Harnett,Franklin,Granville,Caswell,Johnson,Bertie,George A. Rue,Isaac Sweet,John R. Gove,Whittlesey,Clapp,Wm. H. Coleman,Coleman,Mr. J.H. Harris,Horace Greeley,Bass,Rock,Chase,Sumner,Stevens,Brooks,Sampson,Rue
1865.NC-09.29.RALE.02.txt,Newbern,M. E. Church,Galloway,John Good Of Newbern,J.W. Hood,Craven,J.H. Harris,J.P. Shooks,John Randolph,W. Cawthorn,J. R. Caswell,Alex. Bass,Eliphalet Whittlesey,Holden,Ruger,J.A. Harris,Greeley,Jas,Harris,E.S.,Alexander Bass,Edgecomb,Wayne,Warren,Gates,Robingson,Pitt,Harset,Franklin,Granville,Caswell,Johnson,George A Rue,Isaac Swett,John R. Gove,Whittlesey,Clapp,Wm. H Coleman,Coleman,Horace Greeley,Baas,Rock,Chase,Sumner,Stevens,Brooks,Sampson,Rue
1865.NC-09.29.RALE.txt,Newbern,Galloway,John Good Of Newbern,J.W. Hood,Craven,J.H. Harris,J.P. Shooks,John Randolph,W. Cawthorn,J.R. Caswell,Alex. Bass,Eliphalet Whittlesey,Holden,Ruger,J.A. Harris,Greeley,Jas,Harris,E.S.,Alexander Bass,Draven,Edgecomb,Wayne,Warren,Gates,Robeson,Pitt,Harnett,Franklin,Granville,Caswell,Johnson,Bertie,George A. Rue,Isaac Sweet,John R. Gove,Whittlesey,Clapp,Wm. H. Coleman,Coleman,Mr. J.H. Harris,Horace Greeley,Bass,Rock,Chase,Sumner,Stevens,Brooks,Sampson,Rue
1865.NC-11.29.RALE.txt,Newbern,J. W. Hood,J. P. Shooks,John Randolph,W.,Cawthorn,J. R. Caswell,Alex. Bass,William H. Coleman,Coleman,J. Harris,Horace Greeley,Harris,Bass,Greeley,Rock,Chase,Sumner,Stevens,Brooks,Omeka
1865.NJ-07.13.TREN.txt,William Steward,J.B. Ferguson,Wm. Steward,Theodore Gould,Abijah Gould,Robert Pinn,Reading B. Johns,Gilbert Reading,N. H. Turpin,Wm. Conover,Amos H. Johnson,Robert B. King,Samuel Allen,Pennington,Samuel Blackwell,Nelson H. Turpin,Samuel G. Gould,John Lewis,Thomas H. Cooper,James Sernby,B. Johns,Schank,Benjamin Shortis,Robert Cox,Gideon Lewis,Anthony Simmons,Amos Davis,Benjamin Tilmon,Spencer Emmons,Alfred Wood,Samuel Williams,John W. Stephenson,Francis Reinear,Brogden,Charles Stille,Jno,Hamilton,Gould,H. Cooper,T. H. Cooper,John H. Stephenson,Wm. Brogden,James Schank,Thos,Rob,Pinn,I. Conover,Theo,Steward,T. Gould,Sam,S. Allen,R. B. Johns,Blackwell,Jesus,Reading,B. King,N. Jersey,J. B. Hamilton,G. Gould,S. G. Gould,Sexton,Wm. Hamilton,J. W. Stephenson,Warren,Morris,Hudson,Hunterdon,Mercer,Monmouth,Salem,Lincoln,Robert Penn,R. Johns
1866.KS-10.17.LAWR.txt,Leavenworth,Frazer,H. H. Thomas,William L. Smith,E. L. Bradley,Henry Jenerals,Levi Mitchell,John Anderson,Edward Murray,Charles Anderson,Samuel Williamson,Nathaniel Williamson,T. J. Baskerville,Samuel Clark,Henry Johnson,George Moore,George Bradley,George Williams,H. Robinson,William Johnson,Harrison Mcdowell,Carter,John Butler,Nathan Duffin,G. H. Parker,George Russell,W.D. Matthews,Richard Page,N. Harris,Jackson Johnson,C.H. Langston,George Cunningham,John Johnson,E.L. Bradley,Anderson Morris,Edward Hill,Benjamin Wright,H.C. Hayden,John Berry,G.B. Gray,A. Johnson,Albert Mcadams,Brown,Isaac Smith,Hiram Johnson,Thomas Letcher,Monroe Williams,H. C. Hayden,G. B. Gray,C. H. Langston,William D. Matthews,Daniel Stone,Henry Jennerals,W. L. Smith,Bradley,Andy Johnson,S.C. Pomeroy,Sidney Clark,Jefferson Davis,J. C. Breckenridge,William H. Seward,Bunker Hill,Wm. D. Matthews,H. C Hayden,Lawrence,H.H. Thomas,Siegel,H. Jenerals,Wyandotte,N. Duffin,Garnett
1866.MD-01.01.BALT.txt,Lincoln
1866.NY-01.01.ALBA.txt,William Howard Day,J. S. Boseman,H. Molson,J. A. Prime,J. W. Logan,Peyton Harris,Day,Wagner,Milliken,Lincoln,Susan B. Anthony,W. W. Broom,Pettingill,J. J. Clinton,Colvin,William Pettingill,Anthony,Montesquien,William Floyd,Philip Livingston,Francis Lewis,Lewie Morn,A. J. Colvin,Hoy
1866.PA-08.08.PITT.txt,Nesbit,J.C. White,O.V. Catto,Jos. A. Nelson,John Peck,Geo,B. Vashon,Benj,F. Pulpress,H.B. Williamson,Thomas Rosch,G.W. Dimey,William T. Barks,Aaron L. Still,John Alexander,Thomas B. Shorter,William Nesbit,Daniel Williams,M.W.L. Knox,Moses Brown,Solomon Cooper,Wm. B. Purvis,William A. Burley,George W. Buck,Lewis Hartless,Samuel C. Johnson,John Welch,Jonathan Betts,George H. Jenkins,G. Washington,Levi Lee,G. Barnes,George W. Saunders,Cassius M. Brown,John E. Price,C.J. Carter,Charles H. Vance,W. Arnett,Moses Anderson,James Lewis,John G. Chaplin,James H. Gant,Huntingdon,David Brown,Chas,W. Nighten,Lemuel B. Stewart,Enoch Gilchrist,John H. Spriggs,Wm. E. Welch,Joseph A. Nelson,Octavius V. Catto,Joseph C. Bustill,Jacob C. White,D. Forten,David B. Bowser,George B. White,Lewis N. Bedford,Robert M. Adger,Alfred M. Green,Crummill,Richard Jones,Meshach Graham,C. Andrew,John Carl,George Hooper,M.E. Wolf,C.A. Chaplin,Wilson Patterson,E.R. Smith,R. Johnson,M.A. Cowan,John Thomas,L. Granderson,M. Adley,J.W. Loguen,M. Singleton,E. Mitchell,J.M. White,S. Graysen,C. Gibson,C. Wright,Charles Howard,J.C. Bustill,D. Williams,A.M. Green,Benjamin F. Pulpress,Catto,Jeremiah Granderson,Arnett,George B. Vashon,Aaron I. Still,Lewis N. Bradford,George W. Sanders,Bustill,Alexander,Charles W. Nighten,Bowser,Burley,Carter,Blair,Chester,Benjamin W. Arnett,Lawrence,William E. Welch,William D. Forten,Nelson,Williams,Wm. T. Barks,Danl,Bradford,George Barnes,Fayette,Franklin,G.B. White,R.M. Adger,Adger,D.B. Bowser,J.J. Clinton,O.L.C. Hughes,W.D. Forten,C.H. Vance,Vance,J. Mcc,John W. Forney,Ex-Governor Hamilton,T.J. Bingham,Thos,J.S. Graham
1866.TN-09.01.NASH.txt,Bill,Stevens,Fisk
1867.DC-01.10.WASH.txt,Ebenezer D. Bassett,Geo,B. Vashon,Howard Day,A.W. Wayman,D. Fortin,Benj,F. Tanner,W. Julian,A.J. Hamilton,Morse,Charles Sumner,Mr. Sumner,John M. Langston,Henry,Chase,John Mercer Langston,Garfield,Langston,Omeka
1867.DC-01.28.WASH.txt,John M. Langston,J. W. Loguen,George B. Vashon,S.G. Brown,J.T. Mahoney,J.T. Rapier,D.W. Anderson,H.M. Turner,Professor Vashon,J.W. Loguen,Leonard Grimes,William Nesbit,Charles H. Lanston,David Pickett,Philip A. Bell,Solomon G. Brown,Abraham Smith,Lorraine,Sumner,Payne,Charles Sumner,J.M. Langston
1867.OH-01.16.CINC.txt,Peter H. Clark,Yiester,A.J. Anderson,Anderson,Jenkins,Lewis,Bolles,H. J. Young,P. Tolliver,Rufus Conrad,Joseph Henry Perkins,Young Booker,Darnes Clark,Conrad
1867.PA-01.08.PHIL.01.txt,John Mercer Langston,Langston,Wayman,John F. Cook,Carter Stewart,Solomon G. Brown
1867.PA-01.08.PHIL.02.txt,A.W. Handy,Chas,B. Fisher,Henry J. Garnett,George M. Arnold,George Hart,Johnson Terry,Charles B. Fisher,J.B. Stratton,C.M. Fisher,R.H.J. Corman,J.H. Jenkins,James Underdue,D.G. Rider,Guy Brinton,J.H. Richardson,Samuel Jones,Garnett,Andrew Jackson,Andrew Johnson,Hamilton,John Brown,Matthews,Hinton,Charles Sumner,Lincoln,Moses,W.D. Matthews,T.R. Hawkins,J. Underdue,J.W. Walker,G.R. Hart,G.D. Johnson,G.M. Arnold,Owen Dawson,G.E. Stephens,William Still,William D. Matthews,J.M. Logan,George D. Johnson,Underdue,Arnold,Richard Yates,Louis Wagner,H.H. Garnett,John A. Andrew,L.T. Pelham,J.J. Spilman,W. Howard Day,J.W. Logan,Moses B. Cass,G.B. Vashon,J.C. White,W.B. Forten,J.C. Bustill,Octavius Catto,J.B. Reeves,R.P. Hill,J.L. Lyons,H.H. Francisco,Elisha Weaver,James Holland,Thomas Gibbs,W.J. Alston,Theo,D. Miller,J.C. Ware,J.B. Hamer,Stephen Colwell,Nesby,G. Maner,W. Julian,Myers,Green,Stephens,Comrade Myers,J.W. Logueon,J. Hinton,Howard Day,John Mercer Lingston
1868.IA-02.12.DESM.txt,J. W. Malone,S. T. Wells,J. W. Guy,Y. E. Anderson,J. C. Cary,C. L. Holmes,D. Lawrence,A. Morris,J. D. Waterford,G. Phelps,T. A. Bush,J. Skipworth,A. Brown,A. W. Carter,Alex. Clark,J. Bass,C. Montgomery,Tipton,P. C. Cooper,Davenport,G. Reece,J. Barber,S. Nichols,J. W,Malone,Alexander Clark,Jesse Bass,Calvin Montgomery,J. S. Skipworth,G. Benson,Clinton,J. D. Walker,H. Lewis,M. Halowa,C. H. Davis,H. Vinson,Thomas Benton,W. H. Davis,S. D. Dunkin,T. L. Carter,I. S. Carter,W. White,J. Williamson,J. Forde,E. James,P. W. C. Lawson,D. Miller,G. W. Kinney,R. Drake,S. J. Harris,J. E. Hugard,James Howard,T. Benson,Benton,Henry O'Connor,Jacob Mahin,S. D. Wheeler,L. D. Ingersoll,Abraham Lincoln,Clark,Kinney,Attorney-General Of The State,A. Clark,T. S. Carter,Davis,Merrill,Omeka
1868.MD-08.05.BALT.txt,Hatcher,Wagner,Milliken,H. J. Brown
1868.PA-08.11.WILL.txt,Wm. Nesbit,J.C. White,O.V. Catto,P.N. Judah,David B. Bowser,Wm. D. Forten,Jos. C. Bustill,Jacob C. White,B. White,John C. Bowers,Lorenzo D. Blackson
1869.GA-11.01.MACO.txt,H. M. Turner,Arthur
1869.MD-01.01.BALT.txt,Grant
1870.NY-10.01.SYRA.txt,H.H. Garnett,H.H. Molson,S. Baltimore,James H. Derrick,Garnett,Stewart L. Woodford,William Wells Brown,William F. Butler
1871.KY-01.01.FRAN.txt,Mis Doc,Stevenson,Henry Marrs,Henry Lynn,H.H. Trumbo,Grocer,Samuel Demsey,B. Smith,B. J. Crampton,Barber,Robertson,Smith,Tim Machlin,Sam Davis,William Pierce,George Rogers,Silas Woodford,Mary Smith Curtis,Margaret Mosby,James Gaines,Anderson,Ku-Klux,James Parker,Noah Blankenship,William Gibson,John Gibson,J. A. Montford,William Glasgow,Oliver Stone,Cumins,Adams,Meriwether,Richardson,Crasbaw,John Masteran,Coffey,Jerry Laws,James Ryan,Edmund Burns,William Parker,Jess Davis,Spears,Albert Bradford,Bayatt,Frank Boumes,Roberts,George Bratcher,John Penny,Lucien Green,Miller,Charles Handerson,George Bolling,T. J. Vanarsdall,Rousey,James Crowders,John Carnmon,Wiley Gevens,Dixon,George Rose,Wallace Sinthorn,Shepherd,George Tankesley,Frank Searey,Searey,Robert Mershon,Pope,Hall,Willet,Cooper,Allen Cooper,Scott,Charles Fields,Simms,Douglass Rodes,Fielding Waller,R. L. Byrom,Perry,A. Owen,Saunders,Sam Lambert,William Palmer,William Hart,John Redman,William Sheldon,Pleasonton Parker,Daniel Parker,Willis Parker,Turpin,Parker,Richard Brown,Simpson Grubbs,Jacob See,Frank Timberlake,John Simes,Oliver Williams,Harvey Mill,Hicks,Howard Gilbert,Harrison Blanton,Howard Million,John Dickerson,George,Demar,Joseph Allen,Johnson,North Benson,Winstone Hawkins,Scroggins,Strader Trumbo
1871.TN-02.22.NASH.txt,J. M. Shelton,E. D. Shaw,William Butler,W. F. Anderson,R. M. Hanmer,C. M. Johnson,D. Anderson,Samuel Lowery,John Cockrill,H. Stevenson,Wesley Terry,Robertson,Wesley Cloyd,Johnsen,Alf,Gordon,James Allison,Ralph Puiet,Henry Petty,Abraham Price,George Price,Green Hubart,Aaron Jennings,M. R. Johnson,Wm. Butler,Cyrus Cook,Byzer,Sam Lowery,D. L. Lapsley,Armstead Shelby,R. D. Campbell,J. Biglow,Ed,Shaw George Haden,Joseph Lusher,A. E. Anderson,J. H. Salor,Peter Ledbetter,John Epps,J. W. Peyton,Peter Coraway,Armstead Boyd,Robert Auston,Giles,Robert Johnson,Lewis Dougherty,R. D. Williamson,A. L. Carr,W. S. Williamson,Sylvester Lewis,Carroll Wilson,John Mcgowan,T. S. Stewart,Norman,Alex Webb,J. Brown,Marshall,M. Hanmer,John Claiborne,Jackson,Butler,J. W. H. Peyton,Johnson,Shaw,J. P. Price,J. H. Sailor,Hanmer,Miller,Richard Ware,Isaac Sharp,Geo S Hayden,M. R Johnson,Anderson,Abraham Lincoln,Lincoln,John Brown,E. K. Spence,John Braden,J. M. Shetton,Spence,Esther,A. S. Carr,J. W. H. Heyton,Cheatham,Joyner,Davidson,Blackmon Williamson,Gilbert Algee,E. A. Anderson,Wm. Phillips,Morris Henderson,Benjamin Bullit,Malary Brooks,T. Stroteer,Lewis Ready,Fred Tucker,J. P. Miller,Samuel Sharp,Weare,John Lockwood,M. Morris,H. R. Roberts,E. J. Conrad,A. J. Newson,L. M. Jordan,William Clark,R. Gordon,Clark,A. R. Campbell,A. R. Trotter,Sumner,Isaac Brown,John Walker,Lewis Rowan,Peter Rowen,Stephen Randles,Samuel Randles,Alexander Smith,H. Gould,W. F. Prosser,U. S. Grant,Society Of The North,Christ,Horace Maynard,Gen Wm. B. Stokes,Nelson Walker,A. Menefee,M. E. Johnson,Jackson Golden,J. W. Early,Edward Shaw,Alexander Dickinsen,John M. Johnson,W. F. Yardley,A. B. Parker,G. W. Lanier,David Brown,William Potter,Moses Smith,Washam,J. A. Sailor,G. H. Johnson,Knox,Henry Wilson,Charles Sumner,C. C. Cleaveland,T. Wassan,Henry Jones,Samuel Webb,Parker,J. Halsey,N. Walker,John Shelton,J. W. Thomas,Sloss,Maney,Blanton,Alfred Gordon,Smith,Thomas Mcclennon,Joe,Shelby,Tyler,Kuklux,W. M. Bulter,George S. Grisham,Omeka
1872.PA-08-31.HARR.txt,Grant,Horace Greeley,Ulysses S. Grant,Greeley,John F. Hartranft,D. N. White,Hartranft,Buckalew,Gen Hartranft,D. Forten,S. A. Neale,Howard Day,A. P. Faucett,Charles Vosburg,John Brock,John Henry,C. H. Barker,James Wilt
1873.NJ-06.03.NEWB.txt
1879.TN-05.06.NASH.txt,Rufus H. Darby,P.B.S. Pinchback,John R. Lynch,Lewis,Bentley,Nicholas,Lynch,W. Cromwell,F. L. Barnett,G. W. Le Vere,J. Henri Burch,Robert Nicholas,John D. Lewis,C. O. H. Thomas,Allan Allensworth,D. Lewis,James D. Kennedy,Richard Allen,H. Thomas,R. R. Wright,Pinchback,J,W. Washington,H.C. Binford,Courtland,Edward Pope,Samuel Lowery,W. O,W.H. Mcalpine,Marion,David Wilson,M. Goodloe,G. S. W. Lewis,Stephens,J.H. Thomason,S.P. Smith,Stevenson,Jackson,Peter C. Murphy,David Ripley,W.H. Ashe,L.W. Cummins,H. V. Cashin,Montgomery,P.J. Crenshaw,J. P. Jones,Watson,J. R. Rowland,J. T. Jenifer,H. W. Wadkins,George N. Perkins,G. B. Antoine,Isaac Gillem,David A. Robinson,M.G. Turner,H. B. Robinson,Helena,S. H. Holland,L. H. Holsey,C. C. Wimbush,J. H. Wood,S. C. Upshaw,W. B. Higginbotham,Madison Blount,J. H. Delamotta,Toby Stewart,Clinton,George Valentine,J. W. Brooks,Moses H. Bentley,W. A. Pledger,Cutnbert,J. J. Bird,R. Nicholas,J. W. James,F. D. Morton,W. H. Anderson,Greene Mcfarland,S. Daniels,P. W. Johnson,J. A. Braboy,G. L. Knox,J. H. Clay,J. H. Walker,Emmet Stewart,J. W. Stewart,T. W. Henderson,W. H. Nicholl,Horace Lewis,G. W. Darden,Bishop Miles,John Garnett,J. F. C. Snarden,P. B. S. Pinchback,James Lewis,Lewis T. Kenner,Chas,A. Burgeois,S. E. Hardy,St. Paul,J. R. Lynch,R. W. Fitzhugh,Theo,H. Greene,Thomas Richardson,Port Gibson,J. H. Buftord,W. H. Maury,B. G. Booth,J.C. Mathews,R. Lawton,J. W. Wilson,H. G. Newsom,Hastings,Robert Harlan,D. Jones,J. D. Lewis,F. J. Loudin,C. V. Wiley,J. H. Rainey,S. F. Griffin,D. E. Asbury,J. B. Bosley,Wm. Sumner,T. A. Sykes,Isaac Lane,R. F. Boyd,J. H. Hendricks,G. H. Shafer,J. W. Grant,T. W. Lott,D. W. Williams,L. A. Roberts,J. H. Kelley,J. F. Mckinley,W. C. Hodge,H. H.Thompson,Randall Brown,J. M. Smith,A. J. Carr,B. A. J. Nixon,M. F. Womack,A. N. C. Williams,W. A. Henderson,B. J. Hadley,J. H. Burrus,D. Wadkins,W. F. Yardley,G. W. Levere,J. C. Napier,W. F. Anderson,B. F. Williams,J. R. Taylor,N. W. Cuney,E. H. Anderson,R. A. Perkins,J. W. Cromwell,John W. Averitt,J. H. S. Parker,G. W. Gentry,Williams,Ex-Congressman Rainey,Daniel Wadkins,M. H. Bentley,Jesus,Maggie Porter,G. M. Gordon,H. D. Alexander,B. W. Thomas,Calvin Anderson,Rainey,Gooch,John Merry,Pledger,Cushing,James T. Rapier,P. J. Crenshaw,W. H. Mcalpin,W. H. Council,George M. Perkins,Taylor Miller,J. H. Hopkins,A. T. Augusta,Augusta,Cromwell,J. C. Corbin,M. W. Gibbs,W. H. Ashe,William Still,T.W. Henderson,H. C. Binford,T. H. Green,W. H. Nichol,John J. Bird,Louis T. Kenner,Perkins,W. H. Mcalpine,J. H. Bufford,J. F. C. Snowden,C. A. Bourgeois,W. R. Lawton,J. H. Delamotte,Harlan,William H. Miles,D. Kennedy,W. James,S. E Hardy,J. T. Rapier,George W. Perkins,John Averitt,M. G. Champlin,James N. Hayne,H. Burrus,J. D. Kennedy,R. Allen,Thomas,Stewart,G. H. Shaffer,Windom,U. S. Grant,P. C. Murphy,Burrus,Bird,J. H. Rapier,G. W. Shafer,St. John,John A. Clay,Tom Paine,Fred,Douglass,Wm. R. Lawton,Roberts,G. H. Shafler,Ferdinand L. Barnett,H. W. Ward,M. G. Turner,Benjamin F. Butler,Zach Chandler,Mason,Dixon,Devens,H. V. Robinson,Robinson,D. Wilson,J. Gillem,Wylie,B. T. Tanner,T. Richardson,Theodore H. Green,John A. Logan,North,Iatter,Speaker,Gentry,Marks,Gaines,J.J. Bird,J.T. Rapier,W. H. Bentley,J.W. James,Allan,Allensworth,Rives,J.H. Burrus,C. Napier,W. Wilson,R.R. Wright,H. Rainey,H. Burch,J. C. Embry,T. Green,Grant,Toussaint,Dessalines,Christophe,Bonaparte,Sherman,Barnum,Mo -- Deaths,M. D.,Wm. Stewart,N. J.,Jonathan,Josh Billings,Simmons,Payne,Blyden,Edmonia Lewis,Langston,Nathan,John Chinaman,John,Harper,W. Forney,Frederick Douglass,Samuel R. Ward,Henry Bibb,William Wells Brown,J. W. Loguen,S. C. Armstrong,John G. Fee,E. M. Cravath,E. A. Ware,E. P. Lord,G. Stanly Pope,W. S. Alexander,B. F. Lee,J. N. Rendall,M. Perkins,W. P. Pledger,Allen Allansworth,John H. Johnson,Daniel Jones,A. Perkins,H. Bufford,J. F. C. Snoden,C. A. Burgos,S.E. Hardy,Robt,Simon Daniels,Knox,C. Braboy,H. Walker,J. W. Johnson,G. Mcfarland,G. H. Clay,Bennett Stewart,Archie,E. R. Belcher,Elbert Head,Horace King,P. J. Carter,R.G.L. Paige,J. G. Baugh,W. P. Ryder,W. B. Townsend,J. M. Brown,P. C,Murphy,Perry Mathews,G. W. Braxdall,M. Turner,Davis North,J. W. Hughes,Andrew Hubbard,Moses Dickson,J. J. Bruce,James Matlocler,Burley Jones,C. R. Coleman,John Lang,G. W,Dupee,Jesus Christ,Christ,Gregory,Leo Xiii,T. Tanner,R. F.,Bishop Onderdonk,Calvin,Saviour,Stroud,Eccles,Francis Daniel Pastorious,Anna,Klosterman,Pastorious,Westcott,Ralph Sandeford,Daniel Benedict,L. Boyd,Wesley,A. G. Ferr,M. E. Church,Hannibal,Chang,Creuzot,H. H. Garnett,John Brown,Harris,Theo H. Greene,Adam,Noah,Gideon,Volsci,Putnam,Sumner,Daniel O ' Connell,Robert E. Lee,Napoleon,Wm. H. Miles,David A,Sam,Lowery,C. G. Wimbush,W. James Indiana,Taney,Horace Greeley,Abraham Lincoln,J. H. Burch,W. R. L Awton,John Avertt,F.L. Barnett,A. J. Nixon,A. F. A. Pope,W. F. Yeardlev,J.M. Smith,J. Mckinly,H. H. Thompson,J. H. Kelly,M. F. Wamack,D. Watkins,S. Griffith,Richardson,J. C. Matthews,A. Allensworth,F. B. S. Pinchback,J. Lewis,L.T. Kenner,Charles A. Burgeois,W. Gibbs,J. R. Rolland,H. W. Watkins,F. B. Antoine,J. P. J,J.T. Jenifer,Isaac Gillam,D. S. Brandon,W. O. Lynch,J. M. Goodloe,J. H. Thomason,S. Lowry,W. J. Stevens,P. C. Murphv,L. W. Cummins,E.D. Pope,C.C. Wimbush,M. Bentley,R. Nichols,G. Mcfariand,B. R. Taylor,R. Harlan
1879.TX-07.02.HOUS.txt,Ruby,C.P. Hicks,S. A. Hackworth,J.C. Akers,Walker,Mason,Dixon,H. Ruby,Stewart,Charles Stewart,Harris,A.F. Jackson,Richard Allen,Butler,W. Lewis,Mccaleb,Hayes,Richard Nelson,Ruth,John P. St. John,William Lloyd Garrison,A. F. Jackson,Wm. Massie,J.F. Crozier,F. F. Conway,R. Nelson,J. R. Bryant,J. H. Carter,Alexander Lane,R. J. Moor,S. M. Tod
1883.KY-09.24.LOUI.txt,Frederick Douglass,C. H. Tandy,S. J. Hollensworth,J. G. Sterrett,J. B. Maginnis,Jesse Lawson,J. E. O'Hara,Samuel J. Lewis,J. L. Sweres,H. Price Williams,H. L. Shrewsbury,W. H. Young,Henry Scroff,Mack Henson,L. A. Martinet Virginia,G. M. Arnold,A. V. Cooper,G. W. Hollinger,G. H. Ruffin,J. W. Birney,J. W. Randolph,J. M. Gregory,D. C.,W. Keats,G.H. Clark,W.G. Robinson,John C. Calhoun,Calhoun,Stevens,Sumner,Wade,Freedman,Guiteau,O'Connell,Noah,Woolsey,Cromwell
1895.TX-05.23.HOUS.txt,Fred Douglass,R. L. Smith,I. B. Scott,Wiley,F. L. Lights,W. H. Scott,D. J. Starnes,F. O. Richardson,Emmett J. Scott,Marshall,N. W. Cuney,Smith,Haller,J. H. Garnett,C. M. Ferugson,A. A. Asbery,G. R. Townsend,J. T. Tibbett,L. L. Campbell,E. J. Scott,F. W. Gross,S. S. Campbell,J. R. Gibson,A. L. Maynard,M. W. Lawson,A. A. Simms,O. W. Landry,G. J. Starnes,J. W. Jamerson,M. M. Rogers,J. B. Bell,L. W. Baker,A. G. Scott,H. J. Mcdonald,W. H. Hathaway,W. M. Mcdonald,Garnett,A. Asbery,Frederick Douglass,R. B. Smith,L. H. Reynolds,L. S. Simmons,S. M. Balding,D. Webster Wilson,N. H. Haller,H. Watts,J. B. Scott,M. R. Rodgers Webb,V. Nora Allen,M. A. Jordan,J. C. Hester,D. B. Thompson,K. Miller,Marie Sharkle,F. I. Richardson,Carrie Washington,Hattie Johnson,Cora E. Moore,N. H. Hill,Wilson,Reynolds,J. B. Raynor,L. Campbell,H. J. M'Donald,A. Asberry,J. W. Jamison,W. C. Cole,Donnell,Cuney,C. M. Ferguson,D. Abner,A. C. Coor,Robert Caldwell,George D. Johnson,G. W. Bryant,J. A. L. Lowery,R. M. Jones,J. M. Benton,William Mcdonald,Robert Armstrong,A. A. Asberry,W. M. Swanson,E. A. Patton,J. C. Ellis,W. H. Mitchell,W. R. Morrow,W. J. Smith,P. H. Collier,J. W. Taylor,H. C. Bell,W. J. Lowery,F. C. Rutherford,T. W. Williams,Hays,James Smith,A. B. Miller,S. Lyons,Rusk,N. B. Jenkins,L. C. Baker,H. H. Gasson,A. Scott,Harris,W. T. Brown,R. S. Stout,Emett J. Scott,C. N. Love,Baily Sparks,H. Lights,J. H. S. Gaines,W. C. Conway,C. H. Brown,O. T. Wilson,W. H. Smith,Richard Allen,F. R. Richard,G. H. Garnett,J. P. Howard,L. R. Jones,R. H. Wilkerson,L. M. Malones,J. D. Payne,A. Thompson,J. H. Collins,J. S. Jones,S. Cotton,R. G. Hurd,W. E. Miller,H. Marshall,G. W. Minter,G. G. Winn,L. W. Barker,Thomas Taylor,W. D. Donells,D. W. Wilson,H. Neviells,A. Barber,N. H. Smith,J. S. Tibbetts,John Debruhl,F. Gray,W. H. Henry,J. H. Bandy,J. R. Shonon,D. N. Leathers,J. D. Pettigrew,D. H. Smith,A. Z. Wheeler,D. S. Ballard,Albert Williams,Nels Allerson,Jack Johnson,G. W. Smith,P. S. Peterson,S. H. Wheats,N. H. Hathaway,S. M. Morton,J. T. Holmes,H. P. Phenix,T. H. Taylor,J. W. Robertson,Louis Travis,John Franks,W. M. Dunkens,A. G. Hilliard,W. J. Stephens,N. W. Scott,E. A. Paton,W. M. Green,Hatch,M. M. Rodgers,N. C. Colwell,Nillie Hotson,Raston Daniels,Y. N. Johnston,T. H. Humphrey,F. Robertson,G. W. Money,W. T. Mccall,L. J. Laquay,W. T. Mccree,S. B. Wilson,W. R. Jamesison,Gonzales,M. G. Gaston,Green Prince,Sam Prince,Caldwell,W. E. Franction,J. C. Smith,C. B. Stephens,Sam Flood,J. Houston,A. C. Culbreath,Anderson,H. A. Wells,R. A. Codwell,D. A. Abner,Travis,J. W. Jones,Kaufman,Montgomery,G. W. Jackson,J. J. Turner,J. N. Perkins,N. C. Carter,E.P. Palmer,M. Q. A. Fuller,A. B. Perkins,C. M. Mcphearson,J. L. Taylor,Grimes,W. H. Woods,A. White,Samuel Anderson,Lamar,G. W. Guess,C. M. Furgerson,W. H. Wallace,A. C. Garner,C. C. Milligan,R. S. Halbredts,Waller,W. M. Alexander,Henry Rhone,Robert Hall,Jake Anderson,A. F. Freeman,R. L. Kilpatrick,T. S. Benson,George O. Marshall,George W. Mcintosh,Jefferson,C. A. Harrison,R. L. Isaacs,Charles Towell,D. L. Whitney,Henry Green,T. J. Gibbon,Charles Ferrel,Harrison,B. H. Grimes,J. H. Crawford,N. E. Miller,D. J. B. Scott,Robertson,G. W. Tillery,A. L. Asberry,G. T. Haynes,W. H. Green,M. R. Rogers Webb,F. L. Kealan,Pauline Green,Sadie Nelson,M. B. Brown,Maggie Ropen,J. H. Garnet
