Label,modularity_class
J.W. Allen,0
Bishop Allen,0
Cyrus Black,0
Junius C. Morel,0
Benjamin Paschall,0
James Cornish,0
Richard Allen,13
Belfast Burton,0
Robert Cowley,0
Wm. S. Whipper,0
Peter Gardiner,0
John Allen,0
James Newman,0
Charles H. Leveck,0
Frederick A. Hinton,0
Austin Steward,0
Jos. Adams,0
George L. Brown,0
C. Augustus,0
George C. Willis,0
Alfred Niger,0
James Deavour,0
Hezekiah Grice,0
Aaron Willoon,0
Abraham D. Shad,0
Arthur M. Waring,0
Wm. Duncan,0
James West,0
Robert Brown,0
William Rogers,0
John Bowers,0
Richard Howell,0
Daniel Peterson,0
Charles Shorts,0
Leven Williams,0
James P. Walker,0
John Robinson,0
Samuel Todd,0
John Arnold,0
Sampson Peters,0
Anthony Campbell,10
Don Carolos Hall,0
Rob,0
Brown,5
Daniel D. Brownhill,0
William Whipper,0
John P. Thompson,0
Samuel D. Potts,0
James Johnson,1
John P. Burr,0
Scipio Sewell,0
Porter,0
Joseph Cassey,0
Shedrich Basset,0
James Gibson,0
Jeremiah Bowser,0
Richard B. Johnson,0
Henry Beckett,0
Peter Mcneal,0
James Bird,0
Abraham Williams,0
Daniel B. Brownhill,0
John B. Sammons,0
Charles W. Gardner,0
Thomas Butler,0
Messrs.Samuel Nickels,0
William James,0
Thomas Channock,0
William C. West,0
Robert Johnson,12
Joshua Brown,0
Edward Johnson,0
G. Laws,0
Samuel Combegy,0
John Dutton,0
Wm. Whipper,0
Wm. Miller,0
Henry Sipkins,0
L. Jennings,0
Wm. Hamilton,0
James Pennington,0
Abner Coker,0
W. Miller,14
William Duncan,0
Willliam Whipper,0
Charles W. Gardiner,10
Morel,0
Duncan,0
Cowley,0
Jennings,0
S. S. Jocelyn,0
Arthur Tappan,0
Benjamin Lundy,0
William L. Garrison,0
Thomas Shipley,0
Charles Pierce,0
Jocelyn,0
Tappan,0
Garrison,0
New-Haven,0
Samuel E. Cornish,0
Hosea Reiston,0
Robert Roberts,0
James G. Barbadoes,0
Samuel Snowden,0
Peter Williams,0
Philip Bell,0
Thomas Downing,0
Peter Voglesang,0
Robert Douglass,0
James Forten,0
Robert Purvis,0
Thomas Green,0
Samuel G. Mathews,0
Isaac Whipper,0
Samuel Hiner,0
Biars Stanley,0
John Creed,0
Alexander C. Luca,0
L. I. -- Jacob Deyes,0
Henry Thomson,0
Willis Jones,0
Peter Spencer,0
Jacob Morgan,0
William S. Thomas,0
Benjamin Latimore,0
Schuyler,1
Francis March,0
D. C. -- William Jackson,0
Arthur Waring,0
Isaac Carey,0
Charles Butler,0
Jared Grey,0
Carlisle,0
John Peck,0
Rowland G. Roberts,0
Dennis Berry,0
John B. Vashon,0
Lewis Gardiner,0
Abraham Lewis,0
N. J.,0
Peter Petitt,0
Charles Anderson,0
Adam Ray,0
Leonard Scott,0
Joseph Casey,0
Thomas L. Jennings,0
Henry H. Mondy,0
Abner Cocker,0
William Wormley,0
John W. Prout,0
James Wilkins,0
Scipio C. Augustus,0
Charles Hatfield,0
John Liverpool,0
Shipley,0
Lundy,0
Peirce,0
Long-Island,0
Lewis G. Wells,0
Benj,10
Paschal,0
Butler,0
C. Matthews,0
Benjamin Paschal,0
F. A. Hinton,0
J. C. Morel,0
Samuel Johnson,0
William Hamilton,0
Philip A. Bell,0
Joseph Burton,0
William Johnson,5
D. Shad,0
Samuel Elliott,0
Thomas D. Coxsin,0
Thomas Banks,0
Aaron Roberts,0
Hosea Easton,0
Nathan Johnson,0
Paul Drayton,0
Ichabod Northrop,0
Sipkins,0
C. W. Gardner,0
John Dowers,0
R. R. Gurley,0
Brackenridge,0
Pennington,0
Gurley,0
Hamilton,0
Bell,0
T. D. Coxsin,0
Wm. Lloyd Garrison,0
Vashon,0
Coxsin,0
Johnson,0
Peck,0
Elliot,0
Roberts,13
Hiner,0
A. D. Shad,0
Easton,0
Patterson,0
Evan Lewis,0
Andrew Jackson,5
Thos,0
Jackson,5
Jolin B. Vashon,0
C. W Gardner,0
T. Coxsin,0
Henrv Slpkins,0
Cor,0
G. Barbadoes,0
V. P. -- H. H. Mauday,0
C. Willis,0
Peter Osborn,0
Abner Crocker,0
Benjamin Pascal,0
James E. Cornish,0
D. Coxsin,0
J.C. Morel,0
Robt,0
P. A. Bell,9
J. B. Vashon,0
B. Paschal,0
C. Mathews,0
George Johnson,0
Wm. C. West,0
Stephen H. Gloucester,0
Simeon S. Jocelyn,0
T. L. Jennings,0
Harrison,17
K. A. Hinton,0
Cornish,0
Peter Wiliams,0
Charles Morton,0
Jacob Deyes,0
Henry Thompson,0
Thomas Johnson,15
John Potter,0
Gardner,0
Lewis Woodson,10
Simmons,13
Roland G. Robinson,0
Charles K. Kook,0
Morris Anderson,0
Richard C. Johnson,0
H. Foster,0
C. Munroe,0
Alexander C. Lucas,0
J. C. Bemen,0
Joseph Gilbert,0
Robert Henson,0
James C. Cowes,0
John Barclay,0
Peter Petit,0
John Kelly,0
Wm. S. Thomas,0
Kennedy,0
Hinton,0
P. Drayton,0
Austin Stewart,0
Grice,0
Bill,15
William Lloyd Garrison,0
W. Gardner,0
Whipper,0
Thomas Wiliiams,0
J. G. Smith,0
Thornas D. Coxsin,0
Barbour,0
Dennison,0
Lloyd Garrison,0
Aid-De-Camp,0
Charles H. Levick,0
Noah Cannon,0
Abraham D. Shadd,0
William Lewis,0
Caleb Cregg,0
Vincent Smith,0
Jeremiah Miller,0
Samuel C. Hutchins,0
J,13
D. Richardson,0
George Galbrecht,0
William Brewer,0
Wilkesbarre,0
William D. Jenkins,0
Henry Frisby,0
Benjamin Stokely,0
James C. Matthews,15
Henry Ogden,0
Emanuel W. Congo,0
Robert J. Taylor,0
Abner H. Francis,1
Peter Hubbard,0
Matthew Draper,0
R. I. -- George Spywood,0
George W. Thompson,0
Richard Johnson,0
Luke Lathrop,0
Mason Freeman,0
Thomas L. Jinnings,0
Ransom F. Wake,0
Charles Mortimer,0
James Barnett,0
George Richardson,0
William Brown,0
H.C. Thompson,0
J. W. C. Pennington,1
Charles Smith,0
P. Johnson,1
William Rich,1
Troy,1
John G. Stewart,0
Messrs. Watkins,0
Douglass,5
Thomas Van Renselear,0
L. Jinnings,0
Richard D. Johnson,0
John B. Dupuy,0
Messrs. Purvis,0
Spywood,0
Barbadoes,14
P. C. Matthews,0
Purvis,0
T. L. Jinnings,0
Wm. Lewis,0
Elliott,0
R. F. Wake,0
David Ruggles,5
J. G. Stewart,0
S. H. Gloucester,0
Geo,10
R. Purvis,0
George Spywood,0
James W. C. Pennington,1
Henry C. Thompson,0
Wm. D. Jenkins,0
Abner Frances,0
Thomas,13
Levington,0
Bacon,0
George R. Richardson,0
Arnold Buffom,0
Prudence Crandall,0
Arthur Tappen,0
R. Cowley,0
Draper,0
Stewart,13
William Wharton,0
Charles Marriott,0
Wharton,0
Eliott,0
Simon S. Jocelyn,0
Jenkins,5
John G. Steward,0
H. Ogdeu,0
H. Sipkins,0
L. Lathrop,0
W. Whipper,10
D. Ruggles,0
Jinnings,0
Thomas I. Jinnings,0
J. G. Barbadoes,0
J. W. Creed,0
Samuel Eliott,0
Israel Jeffries,0
Hubbard,14
Manuel,0
Rhuben Rhuben,0
John Cook,0
W. D. Jenkins,0
John Rich,0
R. Island,0
John Robertson,0
James Frazer,0
William C. Jeffers,0
John Berrian,0
Lewis,14
Benjamln Lundy,0
Lydia White,0
La Fayette,0
James Foster,0
J. G. Steward,0
J. C. Mathews,0
Jehovah,1
Elliot Cresson,0
S. W. Benedict,0
Vallier,0
Great Jehovah,0
James Fields,0
Theodore C. Breshaw,0
Raymond,1
Berrian,0
Rush,0
Hogarth,0
Vogelsang,0
Hughes,14
Charles L. Remond,9
John C. Scarlett,0
Jacob Perry,0
Henry M. Merriman,0
Hoshea Easton,0
Robert Jackson,15
Jared Gray,0
Nathan Blount,0
Charles S. Morton,1
George Hogarth,1
Henry Brown,0
Thomas S. Thompson,0
Abraham Brown,0
John K. Jackson,0
James W.C. Pennington,0
Benjamin F. Hughes,0
Samuel Hardenburg,0
Peter Vogelsang,0
John D. Closson,0
Henry Drayton,0
Amos Freeman,0
Orange,10
Stephen Smith,10
Joshua P.B. Eddy,10
Eli Johnson,1
Benjamin Wilson,0
Joseph Pierce,0
Samuel Van Brackle,10
Chester,0
Henry C. Sippins,0
Peter Gardner,0
Theodore J.B. London,0
Owen T.B. Nicken,0
Smith,1
Francis,1
Van Brackle,10
Perry,1
Ogden,0
Brewer,0
Joshua P. B. Eddy,0
Thompson,1
Remond,0
Drayton,0
Merriman,0
Nickens,0
Eddy,0
Shadd,10
Blount,0
Luca,0
Israel Lewis,0
U. C.,0
Evan Williams,0
Richard Voluntine,0
Elizur Wright,0
N. Y.,1
Wycoff,0
Bird,13
Hutchins,0
Theo,13
S. Wright,1
Scarlett,0
Gray,9
Closson,0
Freeman,5
Nicken,0
Wilson,14
Williams,13
Olney,0
Charles Gardner,0
Downing,15
Frazer,0
Robertson,17
Atlec,0
Todd,0
Messrs Gardner,0
L. Cox,0
Messrs. Hutchins,0
Burr,0
James Mc Crummell,0
Junius C. Morell,5
Robert C. Gordon,0
Jacob White,0
Reuben Reuben,0
New-Bedford,0
James Needham,15
James Hiner,0
Robert Cooley,0
Owen T. B Nicken,0
Charles Stewart,0
B. F. Hughes,0
C. B. Ray,1
C. L. Reason,1
Charles B. Ray,1
John J. Zuille,1
Charles L. Reason,1
Timothy Seaman,1
Clinton,13
Theodore S. Wright,1
Alexander Crummell,1
Frederick Olney,1
Ray,1
Bro,1
James W. Duffin,1
Henry R. Crummell,1
Michael Dougee,1
Samuel Streeter,1
Richard P.G. Wright,1
John T. Raymond,1
Wm. P. Johnson,1
Henry H. Garnet,1
Wm. H. Topp,1
Eli N. Hall,1
John Wendell,1
Armstrong Archer,1
Patrick H. Reason,1
Henry Williams,1
Wm. R. Thompson,1
Jeffrey Van Clief,1
J. H. Bishop,1
John M. Dolan,1
Thomas Jefferson,1
Tunis Blake,1
James Parkman,1
Lloyd Tillman,1
William Van Alstyne,1
Wm. H. Parker,1
Solomon Groomer,1
P. Green,1
William H. Topp,1
David Thomas,1
John N. Mars,1
Uriah Boston,1
James F. Murray,15
Jacob Waldron,1
Primus Robinson,1
F. Van Vranken,1
A. Johnson,1
John Springsteal,1
Stephen Myers,1
Richard Thompson,1
M. Thompson,1
Henry Jackson,1
William Queen,1
Henry Johnson,1
James Baltimore,1
Nicholas Bogart,1
Oliver King,1
R. Springsteal,1
Benjamin Cutler,1
Hiram Dalton,1
John Tate,1
Adam Blake,1
H. Emery,1
J. Lain,1
Alexander Theily,1
J. A. Hubbard,1
Francis Baker,1
Jacob Brown,1
Francis L. Allen,1
Ezekiel George,1
H. Highland Garnet,1
Samuel Jefferson,1
Lewis Jones,1
George B. Moulton,1
George H. Baltimore,1
Vameller,1
Robert Butler,1
Wiilliam Garison,1
F. Thompson,1
Anthony Schuyler,1
Clarence P. Seldon,1
George,1
Garnet,1
Abram Jackson,1
James Gardner,1
Moses F. Van Leer,1
Daniel Jones,13
J. Woods,1
Jesse Prince,1
R. P. G. Wright,1
Francis Simson,1
F. Jackson,1
John,1
Wandell,1
Richard Sampson,1
Francis Dana,1
T. Harris,1
Moses Willcox,1
S. Barnes,1
G. Murray,1
M. Miner,1
Francis Thompson,1
J. Thompson,1
Francis La Tour,1
R. Murray,1
Andrew Grant,1
Frisby Way,1
John Jamieson,1
George Baker,1
Charles Sherman,1
Charles Shim,1
Augustus Gifford,1
Thomas Van Brankes,1
George Lansen,1
John Johnson,1
Daniel Oliver,1
Benjamin Anderson,1
George C. Brown,1
Jermanus Loguen,1
Joseph C. Pankes,1
Elimus P. Rogers,10
John M. Brickens,1
J. Adams,1
John Chester,1
Ambrose Dunbar,1
John Watson,5
Thomas James,15
F. Payne,1
James Sharp,1
Augustus Washington,1
Samuel V. Berry,1
Edward M. Africanus,1
John Van Huesen,1
John Brown,13
York La Tour,1
Willis Hodges,1
Thal,1
J. W. Duffin,1
J. N. Marrs,1
P. H. Reason,1
A. Crummell,1
H. H. Garnett,13
E. P. Rodgers,1
J. Sharp,1
T. S. Wright,1
H. H. Garnet,1
U. Boston,1
J. N. Mars,1
P.H. Reason,1
E.P. Rodgers,1
A.H. Francis,1
A. Dunbar,1
Marah,1
Alex Crummell,1
J.N. Mars,1
J.W. Loguen,15
C. S. Morton,1
M. Dougee,1
John P. Anthony,1
S. Myers,1
G. H. Baltimore,1
H. R. Crummell,1
F. G. Murray,1
J. Harris,1
H. Granger,1
W. D. Anderson,1
S. R. Ward,1
J. Chester,1
L. Johnson,1
H. Jackson,1
W. Johnson,1
J. Crawford,1
C. Mcgayner,1
T. James,1
J. Terrill,1
D. H. Ray,1
A. Stewart,1
L. Platt,1
J. Peterson,1
I. Hough,1
P. B. Lee,1
R. Gardner,1
J. Morgan,1
N. Blount,1
J. E. Grant,1
Wm. Simmons,1
C. Spruce,1
B. Croger,1
A. Washington,1
S. V. Berry,1
E. M. Africanus,1
J. J. Zuille,1
G. Lawrence,1
F. Olney,1
A. Elston,1
T. Seaman,1
W. P. Johnson,1
N. H. Simons,1
T. Harley,1
M. Cross,1
Cattskill,1
Wm. Rich,1
J. A. Furbord,1
D. Scott,1
Sexton,1
John Jay,1
Dear Zuille,1
A. Steward,1
J. T. Raymond,1
Wm. Topp,1
E. P. Rogers,10
Archer,1
C. Morton,1
J. Wencell,1
George Baltimore,1
A. H. Francis,1
Ed,14
Elimus P. Rodgers,1
J.W. Duffin,1
J.N. Marrs,1
C.B. Ray,1
H.H. Garnet,15
E.P. Rogers,1
T.S. Wright,1
C.L. Reason,1
C.S. Morton,1
G.H. Baltimore,1
R.P.G. Wright,1
Wesley,13
Whitefield,2
A.N. Freeman,2
J.W. Lewis,2
A.W. Niles,2
A. N. Freeman,5
J. W. Lewis,9
N. Hampshire,2
Whitfield,2
A. W. Niles,2
Abram W. Niles,2
Geger,2
H. A. Chandler,2
A. Talbot,2
J. Winthrop,2
Amos N. Freeman,5
John W. Lewis,9
Henry A. Chandler,2
Jeremiah Rogers,2
Charles Pier,2
J. Wentworth,2
Abram W Niles,2
Stephen Myres,5
L. Wentworth,2
Myres,2
J. Siggs,2
Myers,1
Birney,2
Niles,1
E. Ruby,2
G. Geger,2
S. Myres,2
Waters,2
Scott,14
J. Dickson,2
Christ,13
H. Chandler,2
W. Scott,2
Siggs,2
Jones,1
Chandler,2
Talbot,2
J. Hill,2
Griffin,2
Gardiner,0
A. Jackson,1
Taylor,5
E. Spencer,2
C. Pierre,2
J. Meyers,2
Thomas Cole,2
Amos,2
N. Freeman,2
Henry Chandlier,2
E. Waters,14
Henry Huston,2
M. S. Jackson,2
P. Orca,2
Robert Garrison,2
Eben Ruby,2
Samuel Ruby,2
B. Jones,2
Loyd Scott,2
John Groves,2
John Siggs,2
Pierre,2
A. Wilson,2
Peter Small,2
John Hill,2
N. Hill,2
J. Roberts,2
Jacob Dickson,2
Richard Dickson,2
J. Benjamin,2
Lewis Shepherd,2
John Wright,2
James Ball,2
N. H. -- Job Wentworth,2
W. Willy,2
Hallowell,2
Ruby,2
Willy,2
Nancy Prince,2
D. Thurston,2
Winthrop,2
Jesus Christ,13
Jesus,13
David Thurston,2
James,15
Huston,2
Rev A. N. Freeman,2
J. H. Rogers,2
Henry C. Huston,2
Respeetfully,2
E. Myres,2
Manuel S. Jackson,2
Job Wentworth,2
Wm. Scott,2
John T. Carter,2
N. H. Corresponding,2
James Cook,2
Eben,2
Christopher Allen,2
N. H.,2
John Q. Adams,12
Clay,12
Tyler,12
J. G. Britton,12
Turner Roberts,12
A. J. Overalls,12
Jesse White,12
John G. Britton,12
Allen E. Graham,12
Willis Brown,12
O. Mifflin,12
A. Turner,12
O. Stuart,12
J. Tucker,12
J. White,12
T. Roberts,5
A. E. Graham,12
G. Britton,12
V. Morgan,12
John Crowder,12
N. Morgan,5
Martin Heim,10
James Holland,10
Daniel Yates,10
Aaron Johnson,10
Rodgers,10
N. Jersey,10
James J. G. Bias,10
James M ` C. Crummill,10
John Lewis,10
George H. Amos,10
Benjamin Clark,10
Hamilton Gray,10
John W. Adams,10
Levi Anderson,10
Matthew Lary,10
Henry C. Turner,10
Marylond,10
J. J. Bias,10
S. Van Brackle,10
J. W. Adams,10
Samuel Harrison,15
A. D. Shadd,10
Thomas Watkins,10
C. W. Gardiner,10
C. Crummill,10
J. Lewis,13
J. G. Bias,10
D. B. Anderson,10
Burleigh,10
Kennady,10
Crummell,10
J. J. G. Bias,10
Adams,10
Whilldin,10
George Milburn,10
Evan Jones,10
Henry C,10
Wm. Burleigh,10
Samuel Nicholas,10
Isaac Jackson,10
Z. Purnell,10
George Davis,10
Nathaniel Depee,10
Galbreth,10
Samuel Morgan,10
Ephraim D. Williams,10
Albert H. Hall,10
Morris Hall,10
Edward Coulter,10
Limos Johnson,10
John Mentin,10
Sam,13
Van Bracle,10
Josh,10
P.B. Eddy,10
Matthew G. Lary,10
Dan,10
B. Anderson,10
B. Walker,10
J.W. Adams,10
Joseph Whittington,10
Ralph Harden,10
James Campbell,10
Levi Medford,10
Levi Naylor,10
Ezekiel Caldwell,10
Spencer,10
Samuel Brown,10
Moses G. Wilson,10
Thomas B. Walker,10
Henry Banks,10
James Wilson,10
Joseph G. Agness,10
Wm. Cooper,10
Joseph Agness,10
Wm. Johnson,10
James Butler,14
Michael Boyer,10
Wm. Saunders,10
Jacob Johnson,10
George Wharton,10
Abraham Murray,10
Henry W. Wright,10
Alexander Freeman,10
James Clark,10
George Buck,10
Robert Robertson,10
John Nelson,10
James M. Fells,10
Wm. Douglass,10
Rueben Barret,10
John Morun,10
John C. Bowers,10
John Winer,10
Robert Jones,10
Isaac J. White,10
P. Clay,10
Jos. Cassy,10
Littleton Hubert,10
Jacob Reed,10
Jones Willson,10
Richard Wilson,10
George L. Frisby,10
Moses Worthington,10
Henry Cornish,10
Robert Barger,10
Yates,14
George Milbern,10
Parmer Johnson,10
Walter Burr,10
Wm. Knight,10
Wm. Woods,10
Jacob Trusty,10
J. Primrose,10
Robert M. Smith,10
John Charles Fortie,10
Samuel Watts,10
James Willams,10
George Simpson,10
Isaiah Wears,10
John E. Moore,10
Joseph Green,10
Gidion Lewis,10
David Lomax,10
Joseph Louis,10
Thomas H. Queen,10
Daniel Koburn,10
Joshua Woodland,10
Wm. H. Sumner,10
William Washington,10
Randolph,15
Henderson Davis,10
John Wilson,10
James C. Watson,10
Giles Scott,10
Benjamin Harris,10
William Jackson,10
John B. Roberts,10
J. H. Townsend,14
Joseph Thomas,10
Benjamin Freeman,10
John Williams,10
Smithie,10
H. Gibbons,10
Darby,10
Amos Waterman,10
Gideon Lewis,10
Levy Anderson,10
Alex. Crummell,10
J. W. Admas,10
A Crummell,10
C. P. Rogers,10
Stehen Smith,10
Williams B. Adams,10
Crummill,10
Ignatius Beck,10
J.W. Addams,10
George Amos,10
E. P. Rorgers,10
H. Davis,10
H.H. Webb,10
D. A. Payne,10
Jno,10
F. Cook,10
Francis Datcher,10
Jos. Warren,10
Collins,14
Enoch Bell,10
T. Watkins,10
Daniel W. Moore,10
Joseph Lewis,10
D. Coburn,10
H. C. Turner,10
Lea,10
J. C. Fortie,10
M. R. Delany,10
F. Davis,10
J. Cole,10
D. Mahony,10
R. Thomas,10
S. Holcomb,10
J. Smith,14
B. Steward,10
C. Caldwell,10
O. P. Hoyt,3
Wm. Lambert,3
Wm. C. Monroe,3
F. Delany,3
O.P. Hoyt,3
W. C. Monroe,5
W. R. Wilson,3
Lambert,3
Brooks,14
M. J. Lightfoot,3
A. Derrick,3
J. W. Brooks,13
A. Aray,3
G. B. Blanks,3
Marshall,12
Richard Gordon,3
W.C. Monroe,3
William Dolerson,3
William Lambert,3
Willis R. Wilson,3
Alford Derrick,3
Madison J. Lightfoot,3
Robert Allen,1
George R. Sims,3
Henry Bibb,13
Othello P. Hoyt,3
Calvin Hackett,3
Henry Calvin,3
A. R. West,3
William Smith,5
W. Hardy,3
John Rigs,3
Nelson Ockry,3
Asher Aray,3
Thomas Freeman,3
Dolerson,3
J.W. Brooks,3
P. Hoyt,3
Sharon,3
William Hardy,3
George W. Tucker,3
Almond Goff,3
H. Bibb,3
Wm. Dolerson,3
R. Allen,13
Ockry,3
R. Gordon,12
Jabez M. Fitch,3
Clarkson,3
Lovejoy,3
John Riggs,3
J. Anderson,3
J. Brooks,3
Green,5
Lycurgus,3
Napoleon,13
Herodotus,3
Calvin Hacket,3
Calhoun,3
John Smith,3
Samuel Dickerson,3
Henry Powers,3
Jefferson Fitzgerald,3
Gordon,14
Wm. Smith,3
Bibb,3
Frederick Douglass,5
William Wilberforce,3
Thomas Clarkson,3
Granville Sharpe,3
Wilberforce,3
Elijah P. Lovejoy,3
Nathanael Greene,3
Christopher Greene,5
Philip S. Foner,3
Pindar,3
Pythagoras,3
Plato,3
Socrates,3
Strabo,3
Apollonius Rhodius,3
Rhodes,3
A. J. Gorden,1
Henry Highland Garnit,1
Samuel H. Davis,1
James Fountain,1
Davis,15
Henry Thomas,1
J.H. Townsend,1
Ware,1
Robert Banks,1
F. Douglass,1
D. Lewis,13
N. W. Jones,1
W. W. Brown,1
Chas,5
B. Ray,1
H. H. Garnit,1
R. Francis,1
Frederic Douglass,1
C.L. Remond,1
A.G. Beman,1
Amos G. Beman,1
F. Piere,1
W. W. Matthews,1
H. Johnson,15
W. Duffin,1
David Lewis,14
C. Lennox Remond,1
M. C. Munro,1
Townsend,14
N. W.Jones,1
Weir,1
Morris,14
C. L. Remond,9
James N. Gloucester,1
Fred,13
A. G. Beman,1
N. Y. City,1
Wm. P. Mcintire,1
John Wendall,1
T. Woodson,1
B. S. Anderson,1
Jason Jeffrey,1
Noah Palk,1
H. W. Johnson,1
James Sharpe,1
Ralph Francis,1
J. P. Morris,1
R. H. Johnson,1
Wm. Sanders,1
David Wycoff,1
Harrison Powell,1
James P. Jackson,1
John Granbia,1
Phelps,14
Albert Outley,1
Sampson Talbot,1
K. B. Dunlap,1
J. F. Platt,1
Penn Yan,1
Uriah Lett,1
George Weir,1
S. H. Davis,1
Jermin W. Loguen,1
J. H. Malvin,1
H. Robinson,1
David Jenkins,5
J. M. Cordozer,1
A. M. Sumner,1
W. H. Yancy,1
Wm. Watson,1
R. Banks,14
W. C. Munro,1
G. W. Tucker,1
Nimrod W. Jones,1
Luke Dod,1
Thomas Pollock,1
Joseph Roxbury,1
H.H. Garnit,1
R.H. Johnson,1
W.C. Munro,1
E.B. Dunlap,1
J. Sharpe,1
Wright,15
S.H. Davis,1
J. H. Platt,1
J. Jeffrey,1
J. N. Gloucester,1
S. Talbot,1
Charles Lennox Remond,1
W. P. Mcintire,1
B.S. Anderson,1
J. Fountain,1
W. Sanders,1
A. Outley,1
E. B. Dunlap,1
U. Lett,1
J. W. Loguen,13
J. Wandall,1
G. Weir,1
J. Malvin,1
D. Jenkins,5
N. Polk,1
H. Powell,1
J. P. Jackson,1
J. Granbia,1
R. Robertson,1
A. M. Summer,1
W. Watson,1
Garnit,1
Nat Turner,1
Mcintosh,1
Madison Washington,1
Wm. C. Munro,1
Sharpe,1
H. H. Garnis,1
S. N. Davis,1
T. T. Tatum,1
Dod,1
W.W. Brown,15
L. Remond,9
P. Harris,1
O. D. Jenkins,1
C. Munro,1
Munro,1
Sumner,13
Malvin,1
Watson,13
Outley,1
Garmit,1
W. P. Mclntire,1
John Wandall,1
W. C. Munto,1
W. Brown,1
H. G. Piere,1
J. T. Hilton,1
C. Nell,1
J. E. Crawford,1
A. Nigers,1
J B. Vashon,1
A. Duncan,1
J. G. M. Britton,1
M. Robinson,1
Alton,5
Banks,1
Beman,1
J. Roxburg,1
T. Pollock,1
James H. Gloucester,1
J. W C. Pennington,1
N. Y. ; S. E. Cornish,1
N. J,1
W. P. Mcintosh,1
James H. Fountain,1
Shelby,12
Warren,1
N. Y,1
N. Gloucester,1
A. H. Yancy,1
Wm. P Mcintyre C.S. Morton,1
J. Wandell,1
Ulyssis R Videl,1
James Hall,1
John Wandell,1
Peter Hornbeck,1
George W. Gordon,14
James Mccune Smith,1
Ulyssis B. Videl,1
James H. Henderson,1
William P. Powell,1
George B. Moreton,1
U. B. Videl,1
Videl,1
Powell,1
William P. Johnson,1
York La Ture,1
Clarence P. Selden,1
Samuel Lawyer,1
Lewis Washington,1
Thomas Addison,1
Henry March,1
William Beggett,1
Abram Stanley,1
Henry &#183; H. Garnet,1
Richard Livingston,1
L. D. Beckett,1
John Carasaw,1
J. W. Randolph,1
H. Smothers,1
Cato Jackson,1
Austin White,1
Augustus Howard,1
John Landon,1
George Mott,1
Thomas Thompson,1
R. Munay,1
Tobias Harklis,1
Thomas Jackson,1
John Jackson,5
James Jackson,1
Moses Wilcox,1
Peter Johnson,1
Peter Wandell,1
Albert Brown,1
Peter Ofdyke,1
John T. Simpson,1
John Dunbar,1
Garret Harris,1
Henry Harris,1
N. Caesar,1
N. Hardy,1
Thomas Gray,1
F. Lattin,1
Henry L. Simpson,1
H. M. I. Rogers,1
Daniel A. Oliver,1
Francis Whitbeck,1
Francis Cobus,1
Alexander Welch,1
A. James,1
Isaac Hornbeck,1
John Tribble,1
Caroline Jones,1
Constantin,1
Peter P. Feler,1
Samuel Serrington,1
Robert H. Johnson,1
Simon Jackson,1
Nicholas Hemous,1
Powel,1
R. Thompson,1
Serrington,1
James Mccune,1
Wm. P. Powell,1
Reuben Murray,1
Francis Simpson,1
G.B. Moreton,1
E. George,1
Wm. Begget,1
W. Gordon,1
R. Livingston,1
L.D. Beckett,1
Carrasol,1
John H. Smothers,1
Thomas Whitbeck,1
Samuel Serringson,1
C. F. Selden,1
H.J.M. Rogers,1
W. P. Powell,1
P. Powell,1
Messrs,1
J. Mccune Smith,1
P. Powel,1
Lyceums,1
H. H.,1
Moreton,1
R. Johnson,1
Theodore St. Wright,1
Theodore Sedgwick Wright,1
Anthony,15
Sedgwick Wright,1
Jeremiah Powers,1
James M'Cune Smith,5
Bouck,1
Ulysses B. Vidal,9
V.,1
Moulton,1
J. M'Cune Smith,1
Rich,1
U. B. Vidal,1
W. B. Powell,1
H. K. Thomas,0
T. E. Grant,0
William W. Brown,15
Wm. H. Seward,9
William H. Seward,15
Wm. W. Brown,15
Burgess,0
Charles Miner,0
Clark,5
Martindale,0
J. C. Kneeland,1
Peyton Harris,15
Wm. C. Nell,9
Charles Seth,1
John Spence,1
Henry Morton,1
James H. Gardner,1
L. Harper,1
James H. Davis,1
Wiliam S. Baltimore,1
Littleton Becket,1
William G. Allen,1
Henry Brister,1
Griffin Griffins,1
Enoch Moore,15
William H,1
Topp,1
Stephen Woods,1
John Harrison,1
George B. Wilson,1
Benjamin Cutter,1
Abraham Caldwell,1
A. Hooper,1
P. Farnum,1
Wm. Warren,1
George Haggimore,1
Samuel Van Wranken,1
John Lyle,1
Willis A. Hodges,1
Thomas Van Rensselaer,1
Moses A. Jackson,1
Wm. P. Mcintyre,1
Lewis Jackson,1
Williams Meads,1
R. D. Kenny,9
James Blair Webb,1
Charles Van Hoosen,1
William C. Nell,9
Benjamin Weeden,1
Henry Watson,1
Leonard Collins,1
Charles C. Seth,1
James Mars,1
Samuel Smith,1
P. I. Schuyler,1
Thomas Thomas,1
Martin Thomas,1
Z. P. Purnell,1
Ames G. Beman,1
Peter G. Smith,1
Lewis Hayden,1
J. Billings,1
Samuel B. Hyers,1
H. Topp,1
Wm. P. Mcintrye,1
L. Collins,1
Van Rensselaer,1
R. D. Jenny,1
J. Mc.Smith,1
S. Baltimore,1
W. C. Nell,1
Seth,1
J.Mccune Smith,1
Wm H. Topp,1
G.B. Wilson,1
P.G. Smith,1
George Wilson,1
J. Mc,1
Cune Smith,1
Lyall,1
C.,1
E. N. Hall,1
Leonard Coliins,1
J. M. C. Smith,1
R. D. Kenney,1
John C Spence,1
Harper,14
Geo W Gordon,1
James H Henderson,1
Geo Haggimore,1
Geo H Baltimore,1
Henty Brister,1
Griffen Griffin,1
Leollard Collins,1
Chas C Seth,1
J Schuyler,1
J W Pennington,1
Samuel B Hyers,1
Willis A Hodges,1
Thos Van Rensselaer,1
Mosel A Jackson,1
Nell,9
Amos Gerry Beman,1
B. Weeden,1
Van Rensseiaer,1
T. Van Rensselaer,1
William S Baltimore,1
Chas B Ray,1
Griffen Griffins,1
William H Topp,1
John Harrisson,1
William Meads,1
Geo B Wilson,1
Jamcs Mccunc Smith,1
Purnell,1
Henry H Gamet,1
H W Johnson,1
John Lyles,1
Thos Van Renselaer,1
Kenny,1
Chas Van Hoosen,1
Wm W. Brown,1
Amos G Beman,1
L. Hayden,1
Henderson,1
Hyers,1
Weeden,1
Henry Highland Garnet,15
G Beman,1
William H.Topp,1
Moses Jackson,1
William A. Tyson,1
George T. Downing,15
Albro Lyons,1
N. B. Vidal,1
Christopher Rush,1
E. V. Clark,1
William Douglass,15
Kenney,1
M. A. Jackson,1
M. Sumner,1
Alex. Thuey,1
Robert Barks,1
N. J. Benj,1
T. H. Henderson,1
R H Johnson,1
Van Hoosen,1
Henry H Garnet,1
H Morton,1
Geo W Gorden,1
J H Davis,1
Van Wranken,1
Hodges,1
Moore,14
Wm Meads,1
J B Webb,1
Benj Wheeden,1
Saml Smith,1
Thos Thomas,1
Meads,1
J Spence,1
Morton,1
J H Henderson,1
G W Gordon,1
Samuei Smith,1
J W C Pennington,1
Harris,5
W W Brown,1
Hayden,1
John C. Spence,1
H. H. Gamet,1
A. M. Sumner Cincinnati,1
V. P. Pennington,1
Suasian,1
Spense,1
N. Y. Minutes,1
Garnett,17
Lee,15
Lewis Putnam,1
Spence,1
W. H. Topp,1
Horn,1
Andrew Purnell,1
George B. Vachon,1
G. B. Wilson,1
Peter Constantine,1
George Ennis,1
Peter Jallep,1
James Millington,1
George Reily,1
Robert Duaney,1
Randall D. Kenney,1
Alex. Theuy,1
God,1
Gerrit Smith,5
John C. Calhoun,1
John Dick,3
William H. Burnham,3
C. H. Langston,5
L. Watson,3
J. Jones,3
William H. Day,5
Allen Jones,3
Justin Holland,5
C.H. Langston,11
Thomas Brown,5
J. L. Watson,5
Allan Jones,3
Cox,1
Sayres,3
Dayton,3
Henry Lott,3
Fitzgerald,3
J. M. Langston,5
Delany,0
W. H. Day,5
J. D. Patterson,3
John L. Watson,3
Copeland,5
Van Buren,3
Kenyon,3
Lightfoot,3
Sabram Cox,3
Richard Copeland,3
W. B. Depp,3
H. G. Turner,3
P. M.,3
William Ruth,3
Andrews,3
Alexander Bowman,3
J. Lott,5
O. D. O'Brien,3
Sanford,0
John M. Sterling,3
Langston,5
Frederick Douglas,3
N. Y. Charles H. Langston,3
George Day,3
Josiah Conville,3
Mason,13
W. L. Day,3
H. Jenkins,3
H. Francis,3
George W. Goines,15
M.W. Gibbs,0
Samuel Van Brakle,9
Abram D. Shadd,0
George Galbraith,0
Francis A. Duterte,9
Joseph E. Gardner,0
Joseph Murry,0
George C. Anderson,0
Daniel Williams,15
Wm. Webb,0
Edward Hawkins,0
Joseph Johnson,0
Jacob Stratton,0
Joseph St. Clair,0
John N. Bond,0
Charles E. Clayton,0
Wm. Thomson,0
John Wolf,0
Henry H. Price,0
John F. Williams,9
Thomas Earley,0
John Gray,0
Andrew Gorden,0
William Spence,0
Joseph Popel,0
Charles I. Dorris,0
Edward Thomason,0
George Adley,0
Richard C. Brown,0
James Popel,0
James Reese,0
Wm. H. Davis,0
Charles L. Robertson,0
Daniel Jackson,0
Valentine Brown,0
Nelson H. Turpen,0
Jesse Bolden,9
Isaac J. Dickson,0
Samuel Molston,0
John L. Griffith,0
Philip Roderic,0
Leonard A. Williams,0
Wm. H. Wilson,0
Washington Webster,0
Robert Boston,0
David Roach,0
Jonathan Graham,0
David B. Bowser,11
James D. Knight,0
Mifflin W. Gibbs,0
Isaiah Ware,0
James Mccrummel,0
David J. Peck,0
Henry Cooper,0
Benjamin Moore,0
Wm. Marten,0
Perry Miller,0
John Lee,0
Wm Cupit,0
Blair,11
Franklin,11
J. G. Wolf,0
H. H. Price,0
James Mccrummell,0
F.A. Duterte,0
John G. Wolf,0
Thomas Early,0
Charles Lenox Remond,0
Martin R. Delany,0
Woodson,9
M. W. Gibbs,14
D. J. Peck,0
J. C. Bowers,9
Wm. Jones,0
Turpin,0
Bowser,5
Gibbs,15
Bowers,9
Dickson,0
Van Brakle,0
Isaiah C. Weir,0
S. Van Brakle,0
G. W. Goines,0
J. F. Markley,0
I. J. Dickson,0
F. A. Duterte,0
Edward M. Davis,0
Jefferson,14
Cerro Gordo,0
Halls Of The Montezumas,0
Locke,0
Wistars,0
Ross,5
Paine,0
Gerry,0
Hopkins,0
Ellery,0
J. F. Dickson,0
M. W. Gibbes,0
Somersett,0
Mansfield,0
Martin,15
Forten,0
George Iii,14
Michael Servetus,0
Emmet,14
Paul,5
Peter,5
Aminadab,0
Cicero,0
J. J. Dickson,0
M.W. Gibbes,0
Wm. T. Catto,0
Joseph C. Moore,0
J. Ware,0
D. B. Bowser,5
Peter Lester,0
S. M. Africanus,6
H. Nott,6
Isaac Cross,5
Jehiel C. Beman,5
Samuel T. Gray,9
W. Francis,6
J. Emery Burr,6
D. Gordon,6
L. Black,6
A. J. Morrison,9
L. H. Peters,6
Levin Smith,6
Henry Nott,6
Henry Foster,6
George Garrison,6
R. C. Huntington,6
Charles Daniels,6
Leverett C. Beman,5
George W. Francis,5
Charles Hubbard,6
Philander Pitts,6
William Allen,6
Henry Davis,6
J. Demming,6
A. C. Luca,6
Robert J. Cowes,6
Paul Hall,6
Thomas Cisco,6
H. S. Merriman,6
John Turner,6
Edward Galpin,9
T. B. Potter,6
William Thompson,6
Amos C. Beman,6
Samuel Ellis,6
William Spellman,6
James L. Smith,6
Uriah W. R. Pelham,6
Pelam M. Williams,6
David Gordon,6
George L. Williams,6
William Anderson,6
George Fairweather,6
Mason Gauson,6
Jacob Coggswell,6
George W. Francis Of Bridgepport,6
Posey,6
L. C. Beman,6
S. N. Africanus,6
Alexandaer Posey,6
Perry Davis,6
B. Randall,6
Middleton,6
G. Garrison,6
E. C. Freeman,6
C. Snipes,6
H. A. Thompson,6
J. C. Beman,9
G. W. Francis,6
Leonard Colllins,6
Prince W. West,6
Charles Williams,6
R. J. Cowes,6
Minius Lyman,6
Francis Cisco,6
Thomas B. Potter,6
Wm. F. Bouchet,6
Robert M. Park,6
Pelman M. Williams,6
Leonarad Black,6
J. Scott,6
Abraham Morrison,6
Nathaniel Holland Danbury,6
Lyman H. Peters,6
Stephen Wright,6
John B. Clarke,6
Henry Berrian,6
George A. Spywood,6
Elymus P. Rogers,6
N. J. Henry Bibb,6
J. E. Burr,6
S. T. Gray,6
Leonard Black,6
P.M. Williams,6
A. Morrison,6
George Snipes,6
Spellman,6
John Emery Burr,6
Ellis,6
Rogers,14
A. Posey,6
L.C. Beman,6
H.A. Thompson,6
R.J. Cowes,6
H.S. Merriman,6
J.L. Smith,6
W. Peters,6
N. Thatcher,6
J.B. Clarke,6
A.J. Morrison,6
S.M. Africanus,6
G.W. Francis,6
L. Carter Beman,6
Ellsworth,6
Henry A. Thompson,9
Wm. Blackstone,6
Bushnell,6
Wm. W. Ellsworth,6
Crandall,6
Sam ` L. T. Gray,6
J. B. Clarke,6
William Wolcott Ellsworth,6
Oliver Ellsworth,6
Prudance Crandall,6
Sarah Harris,6
John Milton,6
Johannes Kepler,6
Jonathan Edwards,6
Theodore Dwight,6
Timothy Dwight,6
Joshua Woodlin,10
George Shreve,10
Conover,10
Robert D. Stewart,10
Leonard Shields,10
Alexander Brown,10
David Stevens,10
Murray Wells,10
J. S. Rock,9
Mansfield Herbert,10
George Mcmullen,10
Robert Thomas,10
Benjamin Stewart,10
H. A. Burton,10
Lewis Conover,10
Ishmael Locke,10
G. Lewis,10
S. Harrison,10
J. Woodlin,10
R. D. Stewart,10
G. Shreve,10
M. Wells,10
I. Locke,10
Catto,11
William T. Catto,10
W. T. Catto,10
Lawrence Chaplin,4
Samuel J. May,5
"Samuel Thomas , Jr.",5
Samuel Wells,5
Mary Springstead,5
James Baker,3
Fordyce Rice,5
Caroline Brown,5
James C. Jackson,5
William L. Chaplin,5
Joseph C. Hathaway,5
William R. Smith,5
Eleazer Seymour,5
F. Rice,5
Phebe Hathaway,5
Louisa Burnett,5
Francis Hawley,5
A. Wheaton,5
Charles D. Miller,5
Anne V. Adams,5
Goodell,5
H. Burleigh,5
Loguen,3
E. L. Platt,5
Theodosia Gilbert,5
Chaplin,5
Charles A. Wheaton,5
G. W. Clark,5
Wm. R. Smith,5
George W. Lawson,5
Cyrus P. Grosvenor,5
G. W. Johnson,5
Francis Jackson,5
John G. Whittier,5
Silas Cornell,5
Thomas Davis,5
C. D. Cleveland,5
E. M. Davis,5
C. C. Foote,5
Hon J. R. Giddings,5
G. W. Julian,5
C. Durkee,5
George W. Clark,5
Edmonson,5
Daniel Webster,14
John Mclean,5
Mclean,5
Moses Stuart,5
F. Julius Lemoyne,5
William Goodell,5
Lemoyne,5
Wm. L. Chaplin,5
Charles T. Torrey,5
Sayre,5
L. D. Taylor,5
C. A. Yancy,5
N. Nooks,5
A. Strauder,5
C. Ross,5
G. Hilton,5
H. Ford,5
J. D. Pattison,5
L. Adams,5
J. Purnell,5
J. Mercer Langston,5
H. F. Douglass,5
Monroe Jones,5
A. Yancy,5
J. W. Stuart,5
W. Stuart,5
J. Gee,5
K. Artis,5
D. S. Moss,5
G. Adams,5
F. Wilson,5
H. Lott,5
J. J. Pearce,5
S. Jones,5
A. Dempsey,5
W. P. Morgan,5
J. W. Divine,5
J. H. Johnson,5
T. H. Dorsey,5
J. P. Underwood,5
D. Roberts,5
W. H. Burnham,5
G. R. Williams,5
J. Poindexter,5
J. Booker,5
P. Letchford,5
W. S. Davis,5
J. M. Brown,13
T. Washington,5
T. J. Goode,5
D. Hart,5
D. Trent,5
W. Copeland,5
J. Bennett,5
J. Freeland,5
Morgan Melton,5
J. W. Delany,5
J. Taylor,5
G. W. Evans,5
John Gee,5
George R. Williams,5
Wm. Copeland,5
W,5
John Mercer Langston,5
T. H. Johnson,5
Greene,1
Eric,5
D. L. Moss,5
Jason,5
Pike,5
Morgan,5
Day,5
J. Watson,5
Poindexter,5
Burnham,5
Divine,5
Underwood,5
Artis,5
T. Brown,5
Lott,5
Nooks,5
J. Jackson,5
L. N. Milnor,5
Sampson P. Lewis,5
M. Jones,5
Gee,5
M. Langston,5
John Booker,5
A. M. Taylor,5
Booker,5
Yancey,5
Lewis Adams,5
Scurry,5
Elder Jones,5
Henry Hurd,5
L. W. Minor,5
Nichols,5
Samuel Jones,5
T. Crawford,5
L. W. Miner,5
Mr. W. H. Burnham,5
A. R. Green,5
V. William H. Day,5
Wm. H. Burnham,5
R. Williams,5
Carthagena,5
John A. Warren,12
W. J. Greenly,12
J. Callihan,12
T. Bushrod,12
W. H. Manly,12
P. B. Delany,12
J. L. Johnson,12
J. H. Bundy,12
W. H. Carter,12
J. Mitchell,12
Floyd,12
J. A. Warren,12
W. Couzins,12
W. Chandler,12
D. Johnson,12
D. Dudly,12
Bartholomew,12
J. J. Fitzgerald,12
B. Crider,12
Anderson,14
E. Weaver,15
Gibson,12
J. B. Delany,12
Blanks,12
J. Merriwether,12
John Morgan,12
D. N. Mcdowell,12
W. T. Boyd,12
J. Manly,12
John Quincy Adams,5
Edward Freeman,1
C. Edward Seth,1
Hiram Johnson,1
Richard Wright,1
H. Hicks,1
Francis Douge,1
Charles E. Seth,1
Wm. C. Gardiner,1
James P. Johnson,1
John Springsteel,1
James M. Williams,9
James Youngs,1
Peter Vandeveer,1
Jacob Ennis,1
Edward H. Bishop,1
Abraham Stanley,1
Daniel Hall,1
Lloyd Hasper,1
Henry Hicks,1
Martin Cross,1
John N. Stiles,1
F. Johnson,1
C. E. Seth,1
Hitam Johnson,1
John N. Still,5
James Morris Williams,1
P. Mcintyre,1
F. Douge,1
William P. Mcintyre,1
W. P. Mcintyre,1
Mcintyre,1
Hicks,16
Wm. F. Johnson,15
Cutler,1
J. P. Johnson,1
R. Wright,1
W. F. Johnson,1
J. N. Stills,1
J. W. Williams,1
B. F. Cutler,1
W. C. Gardner,1
E.N. Hall,1
J.N. Still,1
P. Vandivere,1
Still,1
J. N. Still,1
E. Edward Seth,1
T. Johnson,1
A. Williams,1
A.G. Berman,1
W.F. Johnson,1
Hall,14
Tompkins,1
Wm. Mcintyre,1
F. H. Douge,1
W. Rich,1
Pons,1
Briant,1
Stanton,1
Erie,1
Benjamin F. Cutler,1
William Gardener,1
Hereupon,1
James Monroe,1
Mcilvain,1
Chan,1
Kent,5
John Davenport,1
John Nelson Still,1
George Walker,1
Washington Hunt,1
Edwin D. Morgan,1
Marquis De Lafayette,1
Horace Greeley,13
Morell,1
Alexander Proudfit,1
Thomas Buchanan,1
Jehudi Ashmun,1
Henry Clay,5
Elliott Cresson,1
Ralph Randolph Gurley,1
John B. Pinney,1
Frederick Perry Stanton,1
James Kent,1
James Sommerset,1
Manfield,1
Daniel,1
Belshazzar,1
Davenport,1
Edward Whalley,1
William Goffe,1
Charles,1
Charles Z. Lincoln,1
E. Glover,5
Webster,5
Seward,15
Noyes,5
Jenks,5
Bey,5
Wm. Allen,5
Baldwin,5
Saml,5
Galloway,5
Charles H. Langston,5
Charles A. Yancey,5
W. H.Burnham,5
T. N. Stewart,5
H. Ford Douglass,5
H. H. Ford,5
Wm. Roberts,5
Wm. Hope,5
Wm. P. Morgan,5
G. Stanup,5
W. Hurst Burnham,5
A. Barrett,5
James Poindexter,5
John T. Ward,5
James Dunlap,5
Heathcock,5
William Walden,5
J. Berde,5
J. Mccarter Simpson,5
Thomas Haines,5
Jerome Stebot,5
Felix Whitsill,5
Darius Roberts,5
Mills Melton,5
W. Howard Day,5
Joseph Henry Perkins,5
John I. Gaines,5
Lawrence W. Miner,5
Charles A. Yancy Esq.,5
P. Morgan,5
Hamilton Campbell,5
Simpson,5
J. T. Ward,5
Barrett,5
J. Mcc,5
J. Mcc Simpson,5
William Hope,5
L. D. Tayor,5
H. Langston,5
E. Davis,5
Yancy,5
Bunker Hill,5
Wm. Jackson,5
J. Parnell,5
Sterling Heathcock,5
J. Bird,5
Thomas Harris,5
Levi Day,5
E. Whitsill,5
Joseph H. Perkins,5
Lawrence W. Minor,5
J. I. Gaines,5
Perkins,13
J. H. Perkins,5
R. Wood,5
J. Henry Perkins,5
W. Roberts,5
L. A. Stanton,5
M. J. Hopkins,5
L. M. Jenkins,5
C. Hacley,5
S. Mason,5
S. P. Scurry,5
Blind,5
Charles I.,5
Reuben Wood,5
Queen Victoria,5
Charles A. Yancy,5
Joseph Warren,5
Francis Marion,5
Nero,5
Nero Claudius Caesar,5
Caligula,5
Caius Caesar Germanicus,5
Esther,12
Haman,5
Mordecai,5
John Fortescue,5
Edward Coke,5
William Curtis Noyes,5
Kansas-Nebraska Bill,5
Roger Sherman Baldwin,5
Samuel Galloway,5
Horace Mann,5
J.T. Fisher,3
J.S. Cary,3
Thomas Smallwood,3
James D. Tinsley,3
D. Hollins,3
Jabez P. Campbell,9
Jd Fisher,3
James Thomas Fisher,3
Hiram Wilson,3
Josiah Henson,3
Wh Harris,3
John J. Carey,3
William H. Harrison,3
David Hollins,3
F. Lacy,3
B. Hoyt,3
William Scott,3
Isaac Washington,3
D. Goodley,3
G. Moragn,3
G. Brackston,3
G. Carey,3
W.P. Newman,15
J. Wilson,5
L.P. Barton,3
E.B. Dunlop,3
H. Grey,3
H. Wilson,3
Lawson,3
H.R. Thomas,3
B.F. Young,3
J. Simpson,3
J. Mclean,3
R. Cheney,3
A. Smith,3
H. Brent,3
A. Anderson,3
H.F. Stanton,3
F. Russel,3
J. Burns,3
J. Wagner,3
F. Degroat,3
J.C. Brown,3
J. Lisle,3
John Scoble,3
Henry Grey,3
Isaiah Clifford,3
J.P. Campbell,3
George Carey,3
T. Smallwood,3
J.J. Carey,3
Scoble,3
Campbell,3
J.C. Browns,3
J. C. Brown,3
Delaney,3
Wm H Topp,3
Henry F Stanton,3
Payton Harris,5
J P Campbell,3
Messrs Bibb,3
Jt Fisher,3
Wh Topp,3
J Lyles,3
F Russel,3
H K Thomas,3
Baker,9
Hollins,3
J Lisle,3
J D Tinsley,3
Jp Campbell,3
Israel Campbell,3
William H. Harris,3
Scobie,3
H. Henson,3
J T Fisher,3
Fisher,3
Sandwich,3
Samuel R Ward,3
G. Beeman,3
M R Delaney,3
J. T. Fisher,3
J. Theodore Holly,3
William Tasker,2
Frederick,2
H. H. Webb,2
Josiah Hughes,2
Cornelius Campbell,2
William Williams,2
James A. Handy,2
William Perkins,2
Webb,2
Charles Wyman,2
Allen Lockerman,2
Caroline,2
B. Jenifer,2
Charles O. Fisher,2
John H. Walker,2
Walker,9
C. Perry,2
Stokes,14
Charles Williamson,2
Baltimore Sun,2
Ephraim Lawson,2
Wm. Tasker,2
F. Harris,2
James A. Jones,2
Stephen W. Hill,2
Williamson,9
James A. Jackson,2
Nicholas Penn,2
Patrick Henry,14
Handy,14
Charles Dobson,2
Wyman,2
Joseph Bantem,2
O. Fisher,2
H. Walker,13
Thomas Buller,2
Daniel J. Ross,2
J. D. Bonner,5
Cook,5
R. J. Robinson,5
Madison,5
A. H. Richardson,5
Jo,5
Daviess,5
Edgar,5
Coles,5
Augustus Dobbins,5
W. L. Barnes,5
Thomas Mason,5
Byrd Parker,5
H. Ellsworth,5
A. Ellsworth,5
Job Vinient,5
H. O. Wagoner,5
Willian Johnson,5
E. Gordon,5
Alex Smith,5
C. W. Campbell,5
R. H. Rollins,5
William T. Watson,5
S. Sparrow,5
Mead,5
Bennet Johnson,5
John Jones,5
Lewis Isbell,5
J. H. Barguet,5
B. Smith,16
E. A. Fulton,5
Augustus Hill,5
William Liverse,5
A. W. Jackson,5
B. Henderson,5
R. H. Cain,5
J. Robinson,5
T. Y. Mason,5
William Smallwood,5
H. Brown,5
S. Donagan,5
William Robinson,5
W. H. Butler,5
William J. Davis,5
A.H. Richardson,5
W.H. Smallwood,5
Alex. Smith,5
A. M. Ellsworth,5
W. T. Watson,5
E. Morris,5
Job Vincent,5
A. T. Burgundy Smith,5
H. Bradford,5
Dobbins,5
C. M. Clay,5
Lewis Tappan,5
David Paul Brown,5
Durkee,5
Horace Greeley5,5
Codding,5
J. Davis,5
B. Parker,5
Harriet Beecher,5
E. D Holton,5
Snodgrass,5
Wagoner,5
Parker,12
Robinson,13
Donagan,5
Newsom,5
Alexander Smith,12
R. L. Cooper,5
Bonner,5
Barguet,5
H. B. Stowe,5
H. L. Barnes,5
Xxiii,5
Harriet Beecher Stowe,5
Tom,5
Galena,5
Spencer Donagan,5
Wlliam H. Robinson,5
B. J. Smith,5
A. T. Hall,5
Wm. Robinson,14
Arthur,5
Bertram Wyatt-Brown,5
Louis Ruchames,5
Stowe,5
Henry M. Wilson,5
Edward V. Clark,9
Wm. J. Wilson,5
Jacob P. Morris,5
J W. Loguen,5
Wm. Joeson,5
John N. Smith,5
Johm Mercer Langston,5
Wm. H. Day,5
Charles H. Reason,5
L. Kelly,5
Robert Morris,9
Benjamin Lynch,5
John E. Burr,5
David Jenkings,5
L. A. Grimes,9
T. G. Campbell,5
Wm. C. Munroe,5
Jehial C. Beman,5
President-James W. C. Pennington,5
James C. Mccrumbell,5
Peter H. Clarke,5
J. C. Mccrummell,5
John J. Gaines,5
Horace B. Smith,5
Edward V. Clarke,5
J. M. Whitfield,5
G. B. Vashon,5
Savior,5
Nathan Sandford,5
Robert Clark,5
Jay,5
Peter A. Jay,5
Martin Van Buren,5
Ogden Edwards,5
Ticonderoga,5
Monroe,5
Niles Register,5
Wm. Eustis,5
Morrill,5
Charles Pinckney,5
-- Niles,5
George B. Vashon,15
Benjamin Templeton,5
Wm. Wilson,5
William J. Wilson,9
M. M. Clark,5
T. G. Campbell A. H. Adams,5
W. J. Watkins,9
David H. Jackson,5
F. T. Newsome,5
W. C. Munroe,5
Gloster,5
J. G. Bowers,5
G. T. Downing,5
Driver,5
T. Downing,15
Boyd Parker,5
M. F. Newsome,5
Cass,5
Samuel Aaron,5
A. Dewey,5
H. O. Wagener,5
L. Tillman,5
Josephus Fowler,5
L. Woodson,5
Madam,5
Garnetts,5
Dear Brethren,5
Augusta,13
J. H. Wilson,5
Henry Mckinney,5
Hale,5
Julian,5
Fugitive Bill,5
Wil,5
Mccrummel,5
G. M. Willis,5
R. D. Willis,5
Gaines,13
Joseph C. Holley,5
Bradford King,5
T. Thomas,5
W. H. Channing,5
J. H. Hurley,5
H. C. Smith,5
J. B. Sanderson,14
Abraham C. Rice,5
Jehiel C. Beeman,5
Amos G. Beeman,5
John Freeman,5
James D. Bonner,5
John T. Brittain,5
Holland,5
Boor,5
Booress,5
Stout,5
John Adams,5
Caffres,5
Stollz,5
Slambie,5
Islambi,5
Makanna,5
Kraals,5
Gaika,5
Dushani,5
Kongo,5
Cobden,5
R. Cobden,5
Joseph Sturge,5
Birkenhead,5
Cornet John Rolt,5
Lancaster,5
Glover,5
Lieutenants Robinson,5
Ensign Minty,5
Propontis,5
Dennett,5
Pears,5
Julius Caesar,5
Cathcart,5
John Bull,5
W. Mclain,5
Mclain,5
Anglo Saxon,5
Norman,12
Saxon,5
Heren,5
Lyon,5
King Boombo,5
Boombo,5
J.W.C. Pennington,15
E. D. Bassett,1
Wilbur Fisk,1
John Wesley,5
Junior,1
S. P. Dole,1
Wm. L. Garrison,1
Fisk,1
L. A. Grime,5
Joel W. Lewis,5
Nestor P. Freeman,5
Leonard A. Grimes,5
Henry Hatton,5
T. H. Ringgold,5
Perry Adams,5
Henry O. Remington,5
Wilham H. Woods,5
H Ringgold,5
Grimes,17
Thomas H. Ringgold,5
Perry F. Adams,5
William H. Woods,5
H. Ringgold,5
Jeremiah B. Sanderson,5
Ringgold,5
Sanderson,14
Marr,5
Woods,5
Remington,5
P. F. Adams,5
Fredrick Douglass,9
Jonas W. Clark,5
Lewis Hyden,5
H. O. Remington,5
John M. Lenox,5
C. Lenox Remond,5
Leonard Grimes,5
Adam,13
Hatton,14
H. Hatton,5
John T. Hilton,5
Francis Clough,5
William H. Brown,5
Wm. H. Woods,5
George Gilmore,5
Wesley Berry,5
J. W. Fountain,5
Prest,5
Jeremiah Sanderson,5
Messrs. Topp,1
Duffins,1
J. C. Morrel,1
Wm. Rice,1
D. K. Mcdonough,1
J. W. B. Smith,1
Messr,1
Rick,1
J. W. Duffins '' Cor,1
Mcdonough,1
Morrel,1
J. W. Duffins,1
J. B. Smith,1
Duffin,1
J. W Loguen,1
Lougen,1
H. M. Wilson,1
Messrs. J. C. Morrel,1
Lewis H. Nelson,9
J. E. Brown,14
A. B. Platt,1
W. H. Storum,1
Stephen Meyers,1
W. J. Wilson,9
Wm. Tyson,1
Amos A. Freeman,1
A. B. Slater,1
W. W. Mathews,1
J. H. Storum,1
Charles Pain,1
George Morse,1
Meyers,1
Morse,1
Wm. W. Mathews,1
Charles Paine Lansinburgh,1
James Hall Chemung,1
William H. Storum Canandaigua,1
Nelson,14
J. C. Holly,1
James C. Morrel,1
James William Charles Pennington,1
Jacob Francis,14
Albert Vaniel,14
E. P. Duplex,14
Alfred White,14
Edward R. Phelps,14
William H. Thomas,14
Joseph Smallwood,14
John Butler,14
William Quinn,14
Peter Blackstone,14
Charles H. Mcdougal,14
John Galley,14
William J. Harin,14
Isaac Morton,14
George W. Booth,14
John G. Wilson,14
Thomas Detter,14
David Brown,12
James Nicholas,14
Clayton Miller,14
James R. Starkey,14
Edward P. Duplex,14
Isaac Triplet,14
Daniel Mahoney,14
Dennis Carter,14
George Duvall,14
Jeremiah King,14
H. M. Collins,14
W. H. Newby,14
J. P. Dyer,14
D. W. Ruggles,14
F. G. Barbadoes,14
Henry F. Thompson,14
J. D. Gilliard,14
T. M. D. Ward,14
D. P. Stokes,14
Edward J. Johnson,14
J. J. Moore,14
William H. Yates,14
Peter Anderson,14
William H. Harper,14
Fielding Smithea,14
W. D. Moses,14
Alfred J. White,14
John H. Morris,14
J. G. Wilson,14
D. Mahoney,14
Newby,14
Ward,14
Alexander,11
Sutter,14
Frederic G. Barbadoes,14
John J. Moore,14
William H. Newby,14
Edward Phelps,14
Isaac Triplett,14
B. P. Stokes,14
Gilliard,14
E. A. Phelps,14
Smithea,14
Darius P. Stokes,14
Ruggles,14
H. Mcdougall,14
J. H. Morris,14
J. Q. Starkey,14
A. W. Gibbs,14
W. Booth,14
A. J. White,14
A. Duvall,14
A. Vaniel,14
D. Carter,14
Shadrack Howard,14
Amador,14
Ben Min Young,14
Edward Hatton,14
J. J. Underwood,14
George W. Miller,14
Thomas Rix,14
Joseph Pindall,14
Newport F. Henry,14
A. W. Hernandez,14
Samuel Kunee,14
Isaac Johnson,14
Solano,14
Simms,14
E. K. Knight,14
Knight,14
William J. Hardin,14
J. Moore,14
Carter,11
Mcdougall,14
El Dorado,14
E. R. Phelps,14
C. H. Mcdougall,14
Frederick -Rsb- Douglass,14
W. Newby,14
Vaniel,14
Smallwood,14
D. Stokes,14
J. Francis,14
White,14
George A. Duvall,14
J.P. Anthony,1
Ebenezer D. Bassett,15
C. Beman,1
Hunt,1
William Mathews,1
Horatio Seymour,1
Lewis H. Putnam,15
Putnam,13
Jas,9
Mccune Smith,9
J. J. Simons,9
Jacob Gibbs,1
Joseph Smith,1
Mcdonald,1
J. W. Pennington,1
Peter Ray,1
Lewis Nelson,1
Jacob Schemerhorn,1
Joseph Dell,1
Chauncy Van Hussen,1
George Brown,1
James Collins,1
James Lewis,13
James W. Randolph,1
Wm. Gardiner,1
Joseph Newit,1
Bourman,1
Jonathan C. Gibbs,15
Wm. J. Watkins,9
J. J. Simonds,1
Mathews,1
J.J. Simonds,1
Kelly,9
Barbary Anna Stewart,1
J. C. Gibbs,1
Joseph Bell,1
R.A. Griffin,1
Bowen,1
Wayne,9
Sullivan,1
Montgomery,13
G. F. Iverson,1
St. Lawrence,1
E. H. Mathews,1
P. W. Ray,15
R. D. Kerndey,1
Junius Of Lord Granville,1
Cowper,1
W.,1
Uncle Robert,1
Wm. J. Hodges,1
A.B.,1
Peter W. Ray,15
U. C. Farlen,1
Rand,1
William J. Watkins,9
Watkins,1
John H. Wheeler,1
Jane Johnson,9
Isaiah,1
Wheeler,1
Passmore Williamson,9
Jane,1
John K. Kane,1
Kane,5
Lawrence,14
G. I. Totlebein,1
Malakhov,1
Franklin Turner,9
Isaiah C. Wears,9
J. F. Williams,9
J. Campbell,9
John S. Rock,15
Leonard S. Grimes,9
Charles L. Remond William C. Nell,9
Leo,9
T. Lloyd,9
George Ii,9
Jason Jeffries,9
W. J. Hodge,9
Daniel Russel,9
Joseph B. Smith,9
George Le Verre,9
Janius C. Morrell,9
Robert Hambleton,9
Edward Crosberry,9
Jacob R. Gibbs,9
Thomas J. White,9
Peter A. Bell,9
Peter S. Porter,9
Henry Beverly,9
Charles L. Williams,9
J. W. Bowers,9
J. J. Scott,9
Peter M. Gray,9
David Rossell,9
Charles S. Hodges,9
J. R. V. Morgan,9
Robert Collins,9
Adam S. Driver,9
James H. Wilson,15
Joseph C. Stevens,9
Alfred S. Cassey,9
Henry Ray,9
Jacob C. White,15
Edward M. Thomas,9
Joel Ware,9
Davis D. Turner,15
Benjamin B. Moore,9
Rachel Cliff,9
Samuel Golden,9
Elizabeth Armstrong,9
J. J. Gould Bias,9
Basil Macal,9
Daniel Morgan,9
Edward Young,9
Peter Burtou,9
James Mccrummill,9
Grayton S. Nelson,9
Jeremiah Asher,9
William W. Whipper,9
Addison W. Lively,9
Aaron L. Still,9
Charles H. Bustill,9
William A. K. Smith,9
William R. Decorderer,9
William Parker,9
Daniel Colly,9
John F. Willams,9
Edmund Kelly,9
Thomas C. Burton,9
William P.Price,9
William T. Cato,9
Nathaniel W. Depee,9
G. W. Reed,9
E. J. Adams,9
James Presser,9
John G. Dutton,9
Samuel Williams,9
Jacob W. Glasgow,9
Thomas Charnock,9
James G. Frisby,9
Jonathan Lopeman,9
Thomas P. Hunt,9
Samuel H. Amos,9
Augustus Dorsey,9
Ebenezer Black,9
Thomas Gibbs,9
William Moore,9
John Addison,9
Thomas Kennard,9
Joseph Reeves,9
E. H. Treeman,9
Robert Stewart,9
Mary A. Shadd,9
Abram J. Morrison,15
J. C. White,9
J. C. Morrell,9
G. D. Washington,9
J - Mccrummell,9
W. Levere,9
C. H. Bustill,9
N. Y. ; Geo,9
Aaron Still,9
G.V. Nelson,9
Wm. T. Catts,9
E. J. Marsh,9
Reese,9
J. C. Wears,9
C. S. Hodges,9
Wears,9
T. P. Hunt,9
Peter H. Clark,15
J. Bonner,9
Copartnerships,9
Cooper,9
Sampson White,9
Charles Birch,9
Fuller,9
R. I.,9
John Ballard,9
William Custis,9
John Braddock,9
William Still,13
James Martin,9
Josiah Moore,9
J. Watkins,9
E. Kelly,9
Bolden,9
Morrell,9
Josiah C. Wears,9
Jacob Handy,9
S. Golden,9
Wm. J. Bowditch,9
J. C. Beeman,9
Frances A. Duterte,9
Kinney,9
James Leonard,9
L.,9
Vosburgh,14
M. S. Haynes,14
E. K. Phelps,14
A. E. Dennison,14
A. Sisco,14
B. B. Young,14
E. Vincent,14
T. J. Vosburgh,14
M. J. Brown,14
E. A. Booth,14
R. A. Hall,14
G. F. Fletcher,14
J. M. Flowers,14
Wm. H. Hall,14
Andrew Collins,14
G. B. Brown,14
F. Hutfield,14
John Buckner,14
G. W. Booth,14
F. Lawrence,14
J. C. Mortimer,14
J. B. Handy,14
James Hubbard,14
R. W. Freman,14
S. Holmes,14
John Wilmot,14
W. M. Newby,14
E. J. Johnson,14
A. G. Dennison,14
G. W. Gordon,14
C. B. Bass,14
Wm. F. Courts,14
F. R. Carter,14
Nathan Pointer,14
E. H. Parker,14
Daniel Seals,14
Charles Satchel,14
W. H. Hall,14
J. B. Johnson,14
Alex. Ferguson,14
Mariposa,14
Thomas Duff,14
B. Hyer,14
C. M. Wilson,14
I. P. Gibbs,14
C. A. Gibson,14
W. H. Harper,14
N. F. Henry,14
Detter,14
Henry,14
Townsends,14
W.H. Harper,14
Duff,14
Aaron Sisco,14
Napa,14
I. Gibbs,14
Richard Hall,14
S. B. Hyer,14
G. W. Miller,14
W. F. Courts,14
H. Harper,14
H. Hall,14
B. Young,14
H.T. Smith,14
T. Duff,14
F.G. Barbadoes,14
H. Newby,14
J.B. Sanderson,14
F.J. Vosburgh,14
S. Howard,14
J.J. Moore,14
Mitchell S. Haynes,14
Jacob,14
T. Detter,14
R. Hall,14
A. Ferguson,14
A. Collins,14
F. Henry,14
Booth,14
F. Hatfield,14
F. J. Vosburgh,14
Ferguson,14
A. Furguson,14
C. H. Wilson,14
Emory Waters,14
F. J. Wosburgh,14
Lewis Mortimore,14
Charles Gibson,14
David Seals,14
N. Henry,14
J. F. Lawrence,14
Charles M. Wilson,14
Patrick -Rsb- Henry,14
J. Hubbard,14
George Gordon,14
Isaiah Gibbs,14
P. Anderson,14
Armstead Pollock,14
George Anderson,14
C. Smith,14
J. Moss,14
P. Williams,14
Quinn,14
Hayne,14
Wilmot,14
Hyer,14
Frank Hatfield,14
J. Brown,14
R. H. Hall,14
W. H. Thomas,14
Miller,14
Jane R. Fortie,14
Jane R,14
Fortie,14
D. Wills,14
W. J. Bird,14
Kenedy,14
Isaac Flood,14
John Paterson,14
W.H. Holmes,14
James Allen,14
R. Tilghman,14
Matthias Cooper,14
Wilson Freeman,14
G. Brooks,14
William Hough,14
H. W. Hall,14
Hatfield,14
Thomas J.Ricks,14
Manuel Quivas,14
Stephen Hilman,14
Joseph Adams,14
L. A. Munroe,14
H. M. Pennington,14
Jacob Sinclair,14
E. Halton,14
Jordon Caselev,14
James H. Hubbard,14
Edward A. Booth,14
James Howard,14
Isaiah P. Gibbs,14
Joseph G. Underwood,14
Dudlop,14
J. B. Starkey,14
W. C. Patrick,14
M. Campbell,14
Samuel B. Hyer,14
John Black,14
D. Brown,14
J. J. Butler,14
T. W. Burgess,14
Elisha Banks,14
J. J. Pindall,14
E. D. Vincent,14
Charles W. Hall,14
George W. Johnson,15
Benjamin Franklin,14
Nathan Furbert,14
H. T. Smith,14
J. D. Guillard,14
A. Oldham,14
E. H. Duplex,14
G. R. Symes,14
Howard,14
B. Sanderson,14
Haynes,14
Moses,14
Herbert,14
James King Of Wm.,14
Duplex,14
Washington,14
M. S. Hayne,14
George R. Symes,14
Joseph J. Underwood,14
Flowers,14
Newbys,14
William H. Hall,14
J. Howard,14
Secy,14
H. F. Smith,14
M. S. Hayes,14
J. W. H. Newby,14
Michigan Bluff,14
J.J. Underwood,14
J W. H. Newby,14
Lucius,14
C. W. Ellis,5
J. H. Barguett,5
Joseph Patrick,5
Cary,5
L. Isbell,5
C. C. Richardson,5
J. Kelley,5
Louis Overton,5
E. White,5
E. Wilkerson,5
H. Douglass King,5
L. Magee,5
J. Samuels,5
H. D. King,5
Lewis Overton,5
James H. Johnson,5
William L. Barnes,5
Thomas Of Mason,5
Edward White,5
L. Overton,5
G. White,5
Louis Isbell,5
B. L. Ford,5
Overton,5
Magee,5
Isbell,5
Barnes,5
Wilkerson,5
Richardson,13
Samuels,5
H.O. Wagoner,5
Hill,5
M. Cary Of Cook,5
John A. Crisup,5
Henry Bradford,5
J. H. Barquet,5
Wm. Barton,5
Frederick K. Waldren,5
P. H. Ward,5
B. Allen,5
Franklin Pierce,5
Toombs,5
Pompey,5
Sherman,13
Brougham,5
Fremont,5
Milton,5
Wendell Phillips,5
Viii,5
P. H. Clark,15
Solomon Grimes,5
J. H. Harris,5
W. B. Ferguson,5
James Evans,5
Isham Martin,5
J. S. Ward,5
Anderson Flinn,5
Granville Foster,5
D. E. James,5
C. D. Williams,5
J. H. Williams,5
Hinton Coles,5
Lewis Toles,5
Henry Ford,5
John H. Williams,5
Francis Adams,5
George Reynolds,5
A. J. Scott,5
R. Heathcock,5
Wm. Walden,5
H. T. Rankin,5
U. D. Harris,5
J. Bruce,5
J. J. Williamson,5
James Lott,5
John Miner,5
John Malvin,15
A. Flinn,5
Benford,5
W. D. Harris,5
John M. Langston,15
G. Johnson,5
Turban,5
Douglas,5
Cha,5
Charles Langston,5
Charles A Yancy,5
Canfield,5
Lucifer,5
Carlyle,5
Sara G. Staley,5
W. A. Scott,5
J. R. Giddings,5
Jonathan Underwood,5
Benjamin Matthews,8
Wm. Bener,8
Linn,8
Charles Jackson,8
A. Clark,8
R.H. Cain,15
J.P. Prichard,8
T.C. Mott,8
Noah Tutt,8
Archimedes,8
Alex Clark,8
Alexander Clark,8
I.N. Tripler,8
Edward Herenden,8
Samuel Meeks,8
P. Neal,8
D. Segrel,8
Loundon Triplett,8
Alfred Mason,8
G. Kelpher,8
Wm. Edwards,8
John G. Hudson,8
Kirkwood,8
Harlan,13
Lowe,8
N.B. Baker,8
Stone,8
Emanuel Franklin Of Davenport,8
Corbin,8
Sergt,8
Abraham Lincoln,13
H. Price,8
H. O'Conner,8
Jacob Butler,8
I.N. Triplett,8
J. Neal,8
Daniel Segrel,8
Thomas Goode,5
Henry A. Wise,5
James Buchanan,5
J. A. Chancellor,5
D. S. Bruce,5
David Barnett,5
W. W. Johnson,5
Evans,5
W. H. Fuller,5
Thomas J. Goode,5
W. H. Mann,5
George W. Roots,5
Fenton M. Harper,5
W. Hocking,5
J. Archer,5
B. E. Heathcock,5
W. P. Moxley,5
J. Manley,5
John C. Jones,5
W. H. Hanster,5
Henry Washing,5
Robert Piles,5
A. A. Allen,5
Henry Lucas,5
William Henry,5
Allen Johnson,5
Augustus Anderson,5
James E. Evans,5
Wilman Milton,5
R. B. Leech,5
Lorenzo Dow Taylor,5
Edward Tiffin,5
S. S. Steward,5
George E. Pugh,5
Pugh,5
Bryant,15
Phelimon Bliss,5
Joseph,5
Jackson Pike,5
John G. Palfrey,5
Robert Gibson,15
Lewis Gaul,15
Thomas H. Perkins,15
Thomas Price,15
Bela C. Perry,15
John Freedom,15
W.C. Nell,15
Wm. Berry,15
Ebenezer Hemmenway,15
H. Brooks,15
Taney,13
Henson,15
William Wells Brown,13
Solomon Peneton,15
L.A. Grimes,15
H.O. Remington,15
Anthony T. Jordain,15
E.F.B. Mundrucu,15
B.C. Perry,15
A.T. Jordain,15
George Allen,15
Uncle Tom,15
J.B. Smith,15
John J. Smith,15
L.H. Brooks,15
Jeremiah Harvey,15
William Tell,15
Bleby,15
George Thompson,15
Scot,15
Curtis,15
Peter Salem,15
Stephen A. Douglas,15
John A. Andrew,15
George D. Wells,15
William Penn Howland,15
Matthew Howland,15
Mary Nichols,15
Howland,15
Charles W. Dennison,15
Lucy Stone Blackwell,15
Sarah Antone,15
Alexander Roberts,15
William Deitz,15
J.B. Smith14,15
William Wallace16,15
Thomas S. Chester,15
Blain,15
Isaiah C. Ray17,15
Hunter,15
Peneton,15
J.J. Smtih,15
Allen,15
Wm. Butler,12
G.C. Levere,1
W. Dietz,1
W.J. Watkins,1
J.C. Gibbs,15
J.J. Symonds,1
W.F. Mowers,1
W.W. Matthews,1
W.P. Mcintyre,1
William Hodges,1
Symonds,1
Deyo,1
S.,1
Scott Decision,1
Roger B. Taney,14
Osborne P. Anderson,3
William C. Munroe,3
J. H. Kagi,3
Kinnard,3
Whipple,3
Reynolds,17
Munroe,3
Owen Brown,3
Kagi,3
Realf,3
Thomas M. Kinnard,3
Osborn Anderson,3
Richard Realf,3
George B. Grill,3
L. F. Parsons,3
C. P. Todd,3
C. Whipple,3
C. W. Moffit,3
John E. Cook,3
Stewart Taylor,3
Richard Richardson,3
W. H. Leeman,3
John Lawrence,3
William Charles Munroe,3
G. J. Reynolds,3
J. C. Grant,3
A. J. Smith,3
James M. Jones,3
George B. Gill,3
M. F. Bailey,3
S. Hunton,3
John J. Jackson,3
Alfred Whipple,3
James M. Buel,3
Alfred M. Ellsworth,3
James W. Purnell,3
George Aiken,3
Stephen Dettin,3
Thomas Hickerson,3
John Caunel,3
Robinson Alexander,3
Thomas F. Cary,3
M. H. Delany,3
Robert Vanvanken,3
Thomas M. Stringer,3
Charles P. Tidd,3
John A. Thomas,3
I. D. Shadd,3
Robert Newman,3
Simon Fislin,3
Isaac Holler,3
James Smith,17
J. W. Scott,6
Menser,6
N. Johnson,6
E. C. Menser,6
J. Montgomery,6
Lynn,6
Thomas Newton,6
Jesse Henderson,6
W. N. Johnson,6
Edward Menser,6
Lilburn Drake,6
John Montgomery,6
Chesley Jones,6
Charles Clark,6
Leavenworth,11
Robert Calwell,6
Burrell Atchison,6
Samuel Watkins,6
Wm. Henderson,6
Berry Craig,6
D. Mathews,6
Reed,6
Benjamin Barney,6
Burrel Atchison,6
Newton,6
Blunt,6
James H. Lane,6
S. C. Pomeroy,6
A. C. Wilder,6
Wodson N. Twine,6
William D. Mathews,6
Wm. D. Mathews,6
Edward Gilbert,7
Lewis Francis,7
James Fairman,7
Robert Vosburgh,7
A. J. Aldridge,7
N. P. Thompson,7
W. C. Marshall,7
P. B. Randolph,15
E. Vermont,7
Wilfulness,7
John Charles Fremont,7
John Van Pelt,7
Glen,7
J. M. Loguen,7
N. D. Thompson,7
Wm. Crocker,7
N. Gibbs,7
A. Bolin,7
Robert Hamilton,15
J. A. Jackson,7
C. E. Vermong,7
Touissant L'Overture,7
William Whiting,7
J.S. Rock,15
George L. Ruffin,15
Howard Day,15
George R. Taylor,15
Elisha Weaver,15
Samuel J. Murray,15
William W. Ruby,15
John B. Smith,15
F.L. Cordozo,15
Peter H. Nott,15
C. Freeman,15
R.J.,15
Singleton Jones,15
P.B. Randolph,15
J. Sella Martin,15
Peter H. Williams,15
William H. Johnson,15
John Cutler,15
H.W. Johnson,15
Cunandaigua,15
Andrew B. Slater,15
W.W. Denike,15
William Grey,15
F.P. Lapierre,15
F.C. Lippins,15
Peter Freeman,15
James H. Washington,15
Francis J. Peck,15
George Dover,15
Samuel Murray,15
Fred ' K Douglass,15
James Taylor,15
William H. Bruce,15
W.H. Brown,15
T.A. Keen,15
Isaac Deyo,15
A. Bolden,15
James Schemeohorn,15
W.H. Decker,15
Walter K. Mower,15
Samuel J. Hollinsworth,15
Thomas H. Thomas,15
Jacob Thomas,15
C.W. Robinson,15
A.J. Barrier,15
Edwin H. Freeman,15
Thomas G. Gould,15
Thomas H. Cooper,15
D.P. Seaton,15
E.D. Basset,15
John B. Reeve,15
Thomas J. Bowers,15
Alfred M. Green,15
H.J. Brown,15
John W. Page,15
P.N. Judah,15
A. Bryan,15
D.D. Turner,15
John W. Simpson,15
D. Miller,15
Joseph C. Bustill,15
Charles B. Colly,15
Octavius V. Catto,15
R. Taylor,15
Samuel Morris,15
William Nesbit,15
Joseph A. Nelson,15
B.W. Arnett,15
P. Houston Murray,15
J.J. Wright,15
Wlliam Douglass,15
Corris,15
James Davenger,15
George Butler,15
R.D. Beckley,15
Sampson,15
P. Morrison,15
E.G. Corprew,15
William Keeling,15
A.H. Galloway,15
Newbern,15
Samuel J. Williams,15
M. Scottron,15
James H. Ingraham,15
Samuel Scott,15
N. Orleans,15
John P. Sampson,15
Wm. P. Newman,15
J.A. Davis,15
Henry Lee,15
J.M.C. Simpson,15
G.W. Bryant,15
B.K. Sampson,15
H.P. Harris,15
Adrian,15
Henry F. Butler,15
John D. Richards,15
George H. Parker,15
Peter Lowrey,15
Abraham Smith,15
Morris Henderson,15
Horatio N. Rankin,15
Preston G. Wells,15
William Wilson,15
E.D. Bassett,15
Bassett,15
P.W. Ray,15
James M. Scottron,15
P.G. Wells,15
W.W. Ruby,15
James Jefferson,15
Abraham J. Morrison,15
S.G. Gould,15
Abram H. Galloway,15
Charles P. Head,15
Edwin C. Freeman,15
William P. Newman,15
Bruce,15
Davenger,15
Basset,15
J.M. Langston,15
Wm. H. Johnson,15
J.H. Ingraham,15
Samuel M. Scottron,15
J.D. Richards,15
F.L. Cordoza,15
S.J. Murray,15
W.H. Johnson,15
G.B. Vashon,15
William Nesbitt,15
H.H. Bruce,15
B. Randolph,15
O.C. Hughes,15
Murray,15
Elkins,15
Henry Moore,15
Richards,15
Newman,15
Ingraham,15
Cailloux,15
Anna Dickinsons,15
Edmonia Highgate,15
Bates,15
L. H. Putnam,15
W. H. Johnson,15
William F. Murray,15
D. D. Turner,15
J. P. Sampson,15
Turner,15
W. P. Newman,15
Weaver,15
William Howard Day,15
Cork,15
O'Connell,15
Abraham,15
Wagner,15
Afric,15
Milliken,15
Lincoln,15
Mcclellan,15
Patercules,15
Frances Ellen Watkins Harper,15
Cain,15
Chase,15
Jeff,15
J. Houston,17
James Cochran,15
Abram Smith,15
J. D. Richards,15
A. H. Galloway,15
W. Keeling,15
Singleton T. Jones,15
J. M Langston,15
O. C. Hughes,15
Samuel F. Murray,15
J. H. Ingraham,15
P. G. Wells,15
H. P. Harris,15
D. P. Seaton,15
Paschal B. Randolph,15
W. H. Decker,15
W. H. Bruce,15
M.D. George B. Vashon,15
William Howard,15
Jefferson Davis,15
Bishop Hughes,15
Seymour,15
Grant,13
A. L. Jackson,14
J. Madden,14
W. H. Yates,14
O. M. Briggs,14
Briggs,14
E. A. Clark,14
B. Campbell,14
W. H. Cristopher,14
R. F. Shorter,14
Amos Johnson,14
Basil Campbell,14
W. H. Christopher,14
Jacob Madden,14
P. Kellingworth,14
R. A. Wm. H. Yates,14
R. H. Small,14
W.H. Hall,14
J. R. Starkey,14
E. E. Parker,14
Wm. H. Harper,14
E. P. Hilton,14
M. L. Rogers,14
E. W. Parker,14
J. H. Hubbard,14
Shorter,14
R. Mcgaines,14
J. Madison Bell,14
J. Smallwood,14
Edward A. Clark,14
P. L. Hickman,14
A. D. Berghardt,14
Richard F. Shorter,14
Napa Wm. H. Christopher,14
Yolo Basil Campbell,14
Peter Killingworth,14
P. Duplex,14
W. J. O. Bryant,14
James M. Oliver,14
Robert H. Small,14
James Cefous,14
N. E. Speights,14
W. Smith,14
F. W. B. Grinnage,14
M. C. Briggs,14
James B. Jenkins,14
P. W. Cassey,14
W. A. Smith,14
Starkey,14
Small,14
Jr.,14
N. Bedford,14
John Tyler,14
Millard Fillmore,14
Emmett,14
Hoyt,14
Daniel O'Connell4,14
A. E. Church,14
Wm. H. Christopher,14
Copperhead,14
Negro,14
Walton,14
Schiller,14
Lamartine,14
Jeffreys,14
W. M. Gwin,14
P. T. Herbert,14
J. B. Weller,14
Smalls,14
Aaron L. Jackson,14
Moses L. Rogers,14
Edward W. Parker,14
Henry Williamson,14
E. A. Clarke,14
William N. Bedford,14
Cefos,14
Madden,14
Killingworth,14
Lassen-John C. Jenkins,14
W. Lee,14
Yolo-Basil Campbell,14
Solana,14
Del Norte,14
J. Pindell,14
Calaveras-James Cefos,14
Tulare-Moses I. Rogers,14
H. Yates,14
Kellingworth,14
P. Killingworth,14
L. P. Hickman,14
J. Cefos,14
J. M. Oliver,14
G. W. Smith,17
Peter W. Cassey,14
Richard A. Hall,14
Edward E. Duplex,14
Richard P. Shorter,14
Wm. H. Yates,14
Messrs. J. J. Moore,14
Wm. H. Harpers,14
Wm. Bird,14
Omeka,12
W. S. Lankford,12
Moses Broyals,12
W. G. Robinson,12
E. E. Outland,12
Peter Ross,8
George F. Downing,8
E. P. Talbot,8
S. S. Murray,8
A. T. Jourdain,8
Amos W. Green,8
Peter Mott,8
James L. Sherman,8
W. G. Hudson,8
R. G. Walker,8
Wm. Steamburg,8
Wm. Talbot,8
Kay,8
Charles Sumner,12
Ruffin,8
B. L. Read,8
Robert Caldwell,17
M. R. De Mortie,8
M. Brown,8
John T. Halsey,8
James G. Wilson,8
George Washington,8
Robert Lee,8
Read,8
James T. Francis,8
John Good Of Newbern,9
J.W. Hood,9
Craven,9
J.H. Harris,9
J.P. Shooks,9
John Randolph,9
W. Cawthorn,9
J.R. Caswell,9
Alex. Bass,9
Eliphalet Whittlesey,9
Holden,9
Ruger,9
J.A. Harris,9
Greeley,9
Alexander Bass,9
Draven,9
Edgecomb,9
Gates,9
Robeson,9
Pitt,9
Harnett,9
Granville,9
Caswell,9
Bertie,9
George A. Rue,9
Isaac Sweet,9
John R. Gove,9
Whittlesey,9
Clapp,9
Wm. H. Coleman,9
Coleman,9
Mr. J.H. Harris,9
Bass,9
Rock,9
Stevens,9
Rue,9
M. E. Church,13
J. R. Caswell,9
Robingson,9
Harset,9
George A Rue,9
Isaac Swett,9
Wm. H Coleman,9
Baas,9
J. W. Hood,9
J. P. Shooks,9
Cawthorn,9
William H. Coleman,9
William Steward,10
J.B. Ferguson,10
Wm. Steward,10
Theodore Gould,10
Abijah Gould,10
Robert Pinn,10
Reading B. Johns,10
Gilbert Reading,10
N. H. Turpin,10
Wm. Conover,10
Amos H. Johnson,10
Robert B. King,10
Samuel Allen,10
Samuel Blackwell,10
Nelson H. Turpin,10
Samuel G. Gould,10
James Sernby,10
B. Johns,10
Schank,10
Benjamin Shortis,10
Robert Cox,10
Anthony Simmons,10
Amos Davis,10
Benjamin Tilmon,10
Spencer Emmons,10
Alfred Wood,10
John W. Stephenson,10
Francis Reinear,10
Brogden,10
Charles Stille,10
Gould,10
H. Cooper,10
T. H. Cooper,10
John H. Stephenson,10
Wm. Brogden,10
James Schank,10
Pinn,10
I. Conover,10
Steward,10
T. Gould,10
S. Allen,10
R. B. Johns,10
Blackwell,10
Reading,10
B. King,10
J. B. Hamilton,10
G. Gould,10
S. G. Gould,10
J. W. Stephenson,10
Hudson,10
Hunterdon,10
Mercer,10
Salem,10
Robert Penn,10
R. Johns,10
H. H. Thomas,11
William L. Smith,11
E. L. Bradley,11
Henry Jenerals,11
Levi Mitchell,11
John Anderson,11
Edward Murray,11
Samuel Williamson,11
Nathaniel Williamson,11
T. J. Baskerville,11
Samuel Clark,11
George Moore,11
George Bradley,11
George Williams,11
Harrison Mcdowell,11
Nathan Duffin,11
G. H. Parker,11
George Russell,11
W.D. Matthews,11
Richard Page,11
N. Harris,11
Jackson Johnson,11
George Cunningham,11
E.L. Bradley,11
Anderson Morris,11
Edward Hill,11
Benjamin Wright,11
H.C. Hayden,11
John Berry,11
G.B. Gray,11
Albert Mcadams,11
Isaac Smith,11
Thomas Letcher,11
Monroe Williams,11
H. C. Hayden,11
G. B. Gray,11
William D. Matthews,11
Daniel Stone,11
Henry Jennerals,11
W. L. Smith,11
Bradley,11
Andy Johnson,11
S.C. Pomeroy,11
Sidney Clark,11
J. C. Breckenridge,11
Wm. D. Matthews,11
H. C Hayden,11
H.H. Thomas,11
Siegel,11
H. Jenerals,11
N. Duffin,11
J. S. Boseman,15
H. Molson,15
J. A. Prime,15
J. W. Logan,15
Susan B. Anthony,15
W. W. Broom,15
Pettingill,15
J. J. Clinton,15
Colvin,15
William Pettingill,15
Montesquien,15
William Floyd,15
Philip Livingston,15
Francis Lewis,15
Lewie Morn,15
A. J. Colvin,15
Hoy,15
Nesbit,11
J.C. White,11
O.V. Catto,11
Jos. A. Nelson,11
B. Vashon,11
F. Pulpress,11
H.B. Williamson,11
Thomas Rosch,11
G.W. Dimey,11
William T. Barks,11
John Alexander,11
Thomas B. Shorter,11
M.W.L. Knox,11
Moses Brown,11
Solomon Cooper,11
Wm. B. Purvis,11
William A. Burley,11
George W. Buck,11
Lewis Hartless,11
Samuel C. Johnson,11
John Welch,11
Jonathan Betts,11
George H. Jenkins,11
G. Washington,11
Levi Lee,11
G. Barnes,11
George W. Saunders,11
Cassius M. Brown,11
John E. Price,11
C.J. Carter,11
Charles H. Vance,11
W. Arnett,11
Moses Anderson,11
John G. Chaplin,11
James H. Gant,11
Huntingdon,11
W. Nighten,11
Lemuel B. Stewart,11
Enoch Gilchrist,11
John H. Spriggs,11
Wm. E. Welch,11
D. Forten,11
George B. White,11
Lewis N. Bedford,11
Robert M. Adger,11
Richard Jones,11
Meshach Graham,11
C. Andrew,11
John Carl,11
George Hooper,11
M.E. Wolf,11
C.A. Chaplin,11
Wilson Patterson,11
E.R. Smith,11
M.A. Cowan,11
John Thomas,11
L. Granderson,11
M. Adley,11
M. Singleton,11
E. Mitchell,11
J.M. White,11
S. Graysen,11
C. Gibson,11
C. Wright,11
Charles Howard,11
J.C. Bustill,11
D. Williams,11
A.M. Green,11
Benjamin F. Pulpress,11
Jeremiah Granderson,11
Arnett,11
Aaron I. Still,11
Lewis N. Bradford,11
George W. Sanders,11
Bustill,11
Charles W. Nighten,11
Burley,11
Benjamin W. Arnett,11
William E. Welch,11
William D. Forten,11
Wm. T. Barks,11
Danl,11
Bradford,11
George Barnes,11
Fayette,11
G.B. White,11
R.M. Adger,11
Adger,11
D.B. Bowser,11
J.J. Clinton,11
O.L.C. Hughes,11
W.D. Forten,11
C.H. Vance,11
Vance,11
John W. Forney,11
Ex-Governor Hamilton,11
T.J. Bingham,11
J.S. Graham,11
A.W. Wayman,12
D. Fortin,12
F. Tanner,12
W. Julian,11
A.J. Hamilton,12
Mr. Sumner,12
Garfield,12
S.G. Brown,15
J.T. Mahoney,15
J.T. Rapier,13
D.W. Anderson,15
H.M. Turner,15
Professor Vashon,15
Charles H. Lanston,15
David Pickett,15
Solomon G. Brown,15
Lorraine,15
Payne,13
Yiester,14
A.J. Anderson,14
Bolles,14
H. J. Young,14
P. Tolliver,14
Rufus Conrad,14
Young Booker,14
Darnes Clark,14
Conrad,14
Wayman,15
John F. Cook,15
Carter Stewart,15
A.W. Handy,11
B. Fisher,11
Henry J. Garnett,11
George M. Arnold,11
George Hart,11
Johnson Terry,11
Charles B. Fisher,11
J.B. Stratton,11
C.M. Fisher,11
R.H.J. Corman,11
J.H. Jenkins,11
James Underdue,11
D.G. Rider,11
Guy Brinton,11
J.H. Richardson,11
Andrew Johnson,11
Matthews,11
T.R. Hawkins,11
J. Underdue,11
J.W. Walker,11
G.R. Hart,11
G.D. Johnson,11
G.M. Arnold,11
Owen Dawson,11
G.E. Stephens,11
J.M. Logan,11
George D. Johnson,17
Underdue,11
Arnold,11
Richard Yates,11
Louis Wagner,11
H.H. Garnett,11
L.T. Pelham,11
J.J. Spilman,11
J.W. Logan,11
Moses B. Cass,11
W.B. Forten,11
Octavius Catto,11
J.B. Reeves,11
R.P. Hill,11
J.L. Lyons,11
H.H. Francisco,11
W.J. Alston,11
J.C. Ware,11
J.B. Hamer,11
Stephen Colwell,11
Nesby,11
G. Maner,11
Stephens,13
Comrade Myers,11
J.W. Logueon,11
J. Hinton,11
John Mercer Lingston,11
J. W. Malone,8
S. T. Wells,8
J. W. Guy,8
Y. E. Anderson,8
J. C. Cary,8
C. L. Holmes,8
D. Lawrence,8
A. Morris,8
J. D. Waterford,8
G. Phelps,8
T. A. Bush,8
J. Skipworth,8
A. Brown,8
A. W. Carter,8
Alex. Clark,8
J. Bass,8
C. Montgomery,8
Tipton,8
P. C. Cooper,8
G. Reece,8
J. Barber,8
S. Nichols,8
J. W,8
Malone,8
Jesse Bass,8
Calvin Montgomery,8
J. S. Skipworth,8
G. Benson,8
J. D. Walker,8
H. Lewis,8
M. Halowa,8
C. H. Davis,8
H. Vinson,8
Thomas Benton,8
W. H. Davis,8
S. D. Dunkin,8
T. L. Carter,8
I. S. Carter,8
W. White,8
J. Williamson,8
J. Forde,8
E. James,8
P. W. C. Lawson,8
G. W. Kinney,8
R. Drake,8
S. J. Harris,8
J. E. Hugard,8
T. Benson,8
Benton,8
Henry O'Connor,8
Jacob Mahin,8
S. D. Wheeler,8
L. D. Ingersoll,8
Attorney-General Of The State,8
T. S. Carter,8
Merrill,8
Hatcher,15
H. J. Brown,15
Wm. Nesbit,11
Wm. D. Forten,11
Jos. C. Bustill,11
B. White,11
Lorenzo D. Blackson,11
H. M. Turner,5
H.H. Molson,11
James H. Derrick,11
Stewart L. Woodford,11
William F. Butler,11
Stevenson,13
Henry Marrs,16
Henry Lynn,16
H.H. Trumbo,16
Samuel Demsey,16
B. J. Crampton,16
Barber,16
Tim Machlin,16
Sam Davis,16
William Pierce,16
George Rogers,16
Silas Woodford,16
Mary Smith Curtis,16
Margaret Mosby,16
James Gaines,16
Ku-Klux,16
James Parker,16
Noah Blankenship,16
William Gibson,16
John Gibson,16
J. A. Montford,16
William Glasgow,16
Oliver Stone,16
Cumins,16
Meriwether,16
Crasbaw,16
John Masteran,16
Coffey,16
Jerry Laws,16
James Ryan,16
Edmund Burns,16
Jess Davis,16
Spears,16
Albert Bradford,16
Bayatt,16
Frank Boumes,16
George Bratcher,16
John Penny,16
Lucien Green,16
Charles Handerson,16
George Bolling,16
T. J. Vanarsdall,16
Rousey,16
James Crowders,16
John Carnmon,16
Wiley Gevens,16
Dixon,13
George Rose,16
Wallace Sinthorn,16
Shepherd,16
George Tankesley,16
Frank Searey,16
Searey,16
Robert Mershon,16
Pope,16
Willet,16
Allen Cooper,16
Charles Fields,16
Douglass Rodes,16
Fielding Waller,16
R. L. Byrom,16
A. Owen,16
Saunders,16
Sam Lambert,16
William Palmer,16
William Hart,16
John Redman,16
William Sheldon,16
Pleasonton Parker,16
Daniel Parker,16
Willis Parker,16
Richard Brown,16
Simpson Grubbs,16
Jacob See,16
Frank Timberlake,16
John Simes,16
Oliver Williams,16
Harvey Mill,16
Howard Gilbert,16
Harrison Blanton,16
Howard Million,16
John Dickerson,16
Demar,16
Joseph Allen,16
North Benson,16
Winstone Hawkins,16
Scroggins,16
Strader Trumbo,16
J. M. Shelton,12
E. D. Shaw,12
William Butler,12
W. F. Anderson,13
R. M. Hanmer,12
C. M. Johnson,12
D. Anderson,12
Samuel Lowery,13
John Cockrill,12
H. Stevenson,12
Wesley Terry,12
Wesley Cloyd,12
Johnsen,12
Alf,12
James Allison,12
Ralph Puiet,12
Henry Petty,12
Abraham Price,12
George Price,12
Green Hubart,12
Aaron Jennings,12
M. R. Johnson,12
Cyrus Cook,12
Byzer,12
Sam Lowery,12
D. L. Lapsley,12
Armstead Shelby,12
R. D. Campbell,12
J. Biglow,12
Shaw George Haden,12
Joseph Lusher,12
A. E. Anderson,12
J. H. Salor,12
Peter Ledbetter,12
John Epps,12
J. W. Peyton,12
Peter Coraway,12
Armstead Boyd,12
Robert Auston,12
Giles,12
Lewis Dougherty,12
R. D. Williamson,12
A. L. Carr,12
W. S. Williamson,12
Sylvester Lewis,12
Carroll Wilson,12
John Mcgowan,12
T. S. Stewart,12
Alex Webb,12
M. Hanmer,12
John Claiborne,12
J. W. H. Peyton,12
Shaw,12
J. P. Price,12
J. H. Sailor,12
Hanmer,12
Richard Ware,12
Isaac Sharp,12
Geo S Hayden,12
M. R Johnson,12
E. K. Spence,12
John Braden,12
J. M. Shetton,12
A. S. Carr,12
J. W. H. Heyton,12
Cheatham,12
Joyner,12
Davidson,12
Blackmon Williamson,12
Gilbert Algee,12
E. A. Anderson,12
Wm. Phillips,12
Benjamin Bullit,12
Malary Brooks,12
T. Stroteer,12
Lewis Ready,12
Fred Tucker,12
J. P. Miller,12
Samuel Sharp,12
Weare,12
John Lockwood,12
M. Morris,12
H. R. Roberts,12
E. J. Conrad,12
A. J. Newson,12
L. M. Jordan,12
William Clark,12
A. R. Campbell,12
A. R. Trotter,12
Isaac Brown,12
John Walker,12
Lewis Rowan,12
Peter Rowen,12
Stephen Randles,12
Samuel Randles,12
H. Gould,12
W. F. Prosser,12
U. S. Grant,13
Society Of The North,12
Horace Maynard,12
Gen Wm. B. Stokes,12
Nelson Walker,12
A. Menefee,12
M. E. Johnson,12
Jackson Golden,12
J. W. Early,12
Edward Shaw,12
Alexander Dickinsen,12
John M. Johnson,12
W. F. Yardley,13
A. B. Parker,12
G. W. Lanier,12
William Potter,12
Moses Smith,12
Washam,12
J. A. Sailor,12
G. H. Johnson,12
Knox,13
Henry Wilson,12
C. C. Cleaveland,12
T. Wassan,12
Henry Jones,12
Samuel Webb,12
J. Halsey,12
N. Walker,12
John Shelton,12
J. W. Thomas,12
Sloss,12
Maney,12
Blanton,12
Alfred Gordon,12
Thomas Mcclennon,12
Joe,12
Kuklux,12
W. M. Bulter,12
George S. Grisham,12
Ulysses S. Grant,9
John F. Hartranft,9
D. N. White,9
Hartranft,9
Buckalew,9
Gen Hartranft,9
S. A. Neale,9
A. P. Faucett,9
Charles Vosburg,9
John Brock,9
John Henry,9
C. H. Barker,9
James Wilt,9
Rufus H. Darby,13
P.B.S. Pinchback,13
John R. Lynch,13
Bentley,13
Nicholas,13
Lynch,13
W. Cromwell,13
F. L. Barnett,13
G. W. Le Vere,13
J. Henri Burch,13
Robert Nicholas,13
John D. Lewis,13
C. O. H. Thomas,13
Allan Allensworth,13
James D. Kennedy,13
H. Thomas,13
R. R. Wright,13
Pinchback,13
W. Washington,13
H.C. Binford,13
Courtland,13
Edward Pope,13
W. O,13
W.H. Mcalpine,13
Marion,13
David Wilson,13
M. Goodloe,13
G. S. W. Lewis,13
J.H. Thomason,13
S.P. Smith,13
Peter C. Murphy,13
David Ripley,13
W.H. Ashe,13
L.W. Cummins,13
H. V. Cashin,13
P.J. Crenshaw,13
J. P. Jones,13
J. R. Rowland,13
J. T. Jenifer,13
H. W. Wadkins,13
George N. Perkins,13
G. B. Antoine,13
Isaac Gillem,13
David A. Robinson,13
M.G. Turner,13
H. B. Robinson,13
Helena,13
S. H. Holland,13
L. H. Holsey,13
C. C. Wimbush,13
J. H. Wood,13
S. C. Upshaw,13
W. B. Higginbotham,13
Madison Blount,13
J. H. Delamotta,13
Toby Stewart,13
George Valentine,13
Moses H. Bentley,13
W. A. Pledger,13
Cutnbert,13
J. J. Bird,13
R. Nicholas,13
J. W. James,13
F. D. Morton,13
W. H. Anderson,13
Greene Mcfarland,13
S. Daniels,13
P. W. Johnson,13
J. A. Braboy,13
G. L. Knox,13
J. H. Clay,13
J. H. Walker,13
Emmet Stewart,13
J. W. Stewart,13
T. W. Henderson,13
W. H. Nicholl,13
Horace Lewis,13
G. W. Darden,13
Bishop Miles,13
John Garnett,13
J. F. C. Snarden,13
P. B. S. Pinchback,13
Lewis T. Kenner,13
A. Burgeois,13
S. E. Hardy,13
St. Paul,13
J. R. Lynch,13
R. W. Fitzhugh,13
H. Greene,13
Thomas Richardson,13
Port Gibson,13
J. H. Buftord,13
W. H. Maury,13
B. G. Booth,13
J.C. Mathews,13
R. Lawton,13
J. W. Wilson,13
H. G. Newsom,13
Hastings,13
Robert Harlan,13
D. Jones,13
J. D. Lewis,13
F. J. Loudin,13
C. V. Wiley,13
J. H. Rainey,13
S. F. Griffin,13
D. E. Asbury,13
J. B. Bosley,13
Wm. Sumner,13
T. A. Sykes,13
Isaac Lane,13
R. F. Boyd,13
J. H. Hendricks,13
G. H. Shafer,13
J. W. Grant,13
T. W. Lott,13
D. W. Williams,13
L. A. Roberts,13
J. H. Kelley,13
J. F. Mckinley,13
W. C. Hodge,13
H. H.Thompson,13
Randall Brown,13
J. M. Smith,13
A. J. Carr,13
B. A. J. Nixon,13
M. F. Womack,13
A. N. C. Williams,13
W. A. Henderson,13
B. J. Hadley,13
J. H. Burrus,13
D. Wadkins,13
G. W. Levere,13
J. C. Napier,13
B. F. Williams,13
J. R. Taylor,13
N. W. Cuney,13
E. H. Anderson,13
R. A. Perkins,13
J. W. Cromwell,13
John W. Averitt,13
J. H. S. Parker,13
G. W. Gentry,13
Ex-Congressman Rainey,13
Daniel Wadkins,13
M. H. Bentley,13
Maggie Porter,13
G. M. Gordon,13
H. D. Alexander,13
B. W. Thomas,13
Calvin Anderson,13
Rainey,13
Gooch,13
John Merry,13
Pledger,13
Cushing,13
James T. Rapier,13
P. J. Crenshaw,13
W. H. Mcalpin,13
W. H. Council,13
George M. Perkins,13
Taylor Miller,13
J. H. Hopkins,13
A. T. Augusta,13
Cromwell,13
J. C. Corbin,13
W. H. Ashe,13
T.W. Henderson,13
H. C. Binford,13
T. H. Green,13
W. H. Nichol,13
John J. Bird,13
Louis T. Kenner,13
W. H. Mcalpine,13
J. H. Bufford,13
J. F. C. Snowden,13
C. A. Bourgeois,13
W. R. Lawton,13
J. H. Delamotte,13
William H. Miles,13
D. Kennedy,13
W. James,13
S. E Hardy,13
J. T. Rapier,13
George W. Perkins,13
John Averitt,13
M. G. Champlin,13
James N. Hayne,13
H. Burrus,13
J. D. Kennedy,13
G. H. Shaffer,13
Windom,13
P. C. Murphy,13
Burrus,13
J. H. Rapier,13
G. W. Shafer,13
St. John,13
John A. Clay,13
Tom Paine,13
Wm. R. Lawton,13
G. H. Shafler,13
Ferdinand L. Barnett,13
H. W. Ward,13
M. G. Turner,13
Benjamin F. Butler,13
Zach Chandler,13
Devens,13
H. V. Robinson,13
D. Wilson,13
J. Gillem,13
Wylie,13
B. T. Tanner,13
T. Richardson,13
Theodore H. Green,13
John A. Logan,13
North,13
Iatter,13
Speaker,13
Gentry,13
Marks,13
J.J. Bird,13
W. H. Bentley,13
J.W. James,13
Allan,13
Allensworth,13
Rives,13
J.H. Burrus,13
C. Napier,13
W. Wilson,13
R.R. Wright,13
H. Rainey,13
H. Burch,13
J. C. Embry,13
T. Green,13
Toussaint,13
Dessalines,13
Christophe,13
Bonaparte,13
Barnum,13
Mo -- Deaths,13
Wm. Stewart,13
Jonathan,13
Josh Billings,13
Blyden,13
Edmonia Lewis,13
John Chinaman,13
W. Forney,13
Samuel R. Ward,13
S. C. Armstrong,13
John G. Fee,13
E. M. Cravath,13
E. A. Ware,13
E. P. Lord,13
G. Stanly Pope,13
W. S. Alexander,13
B. F. Lee,13
J. N. Rendall,13
M. Perkins,13
W. P. Pledger,13
Allen Allansworth,13
John H. Johnson,13
A. Perkins,13
H. Bufford,13
J. F. C. Snoden,13
C. A. Burgos,13
S.E. Hardy,13
Simon Daniels,13
C. Braboy,13
J. W. Johnson,13
G. Mcfarland,13
G. H. Clay,13
Bennett Stewart,13
Archie,13
E. R. Belcher,13
Elbert Head,13
Horace King,13
P. J. Carter,13
R.G.L. Paige,13
J. G. Baugh,13
W. P. Ryder,13
W. B. Townsend,13
P. C,13
Murphy,13
Perry Mathews,13
G. W. Braxdall,13
M. Turner,13
Davis North,13
J. W. Hughes,13
Andrew Hubbard,13
Moses Dickson,13
J. J. Bruce,13
James Matlocler,13
Burley Jones,13
C. R. Coleman,13
John Lang,13
G. W,13
Dupee,13
Gregory,13
Leo Xiii,13
T. Tanner,13
R. F.,13
Bishop Onderdonk,13
Calvin,13
Saviour,13
Stroud,13
Eccles,13
Francis Daniel Pastorious,13
Anna,13
Klosterman,13
Pastorious,13
Westcott,13
Ralph Sandeford,13
Daniel Benedict,13
L. Boyd,13
A. G. Ferr,13
Hannibal,13
Chang,13
Creuzot,13
Theo H. Greene,13
Noah,13
Gideon,13
Volsci,13
Daniel O ' Connell,13
Robert E. Lee,13
Wm. H. Miles,13
David A,13
Lowery,13
C. G. Wimbush,13
W. James Indiana,13
J. H. Burch,13
W. R. L Awton,13
John Avertt,13
F.L. Barnett,13
A. J. Nixon,13
A. F. A. Pope,13
W. F. Yeardlev,13
J.M. Smith,13
J. Mckinly,13
H. H. Thompson,13
J. H. Kelly,13
M. F. Wamack,13
D. Watkins,13
S. Griffith,13
J. C. Matthews,13
A. Allensworth,13
F. B. S. Pinchback,13
L.T. Kenner,13
Charles A. Burgeois,13
W. Gibbs,13
J. R. Rolland,13
H. W. Watkins,13
F. B. Antoine,13
J. P. J,13
J.T. Jenifer,13
Isaac Gillam,13
D. S. Brandon,13
W. O. Lynch,13
J. M. Goodloe,13
J. H. Thomason,13
S. Lowry,13
W. J. Stevens,13
P. C. Murphv,13
L. W. Cummins,13
E.D. Pope,13
C.C. Wimbush,13
M. Bentley,13
R. Nichols,13
G. Mcfariand,13
B. R. Taylor,13
R. Harlan,13
C.P. Hicks,2
S. A. Hackworth,2
J.C. Akers,2
H. Ruby,2
A.F. Jackson,2
W. Lewis,2
Mccaleb,2
Hayes,2
Richard Nelson,2
Ruth,2
John P. St. John,2
A. F. Jackson,2
Wm. Massie,2
F. F. Conway,2
R. Nelson,2
J. R. Bryant,2
J. H. Carter,2
Alexander Lane,2
R. J. Moor,2
S. M. Tod,2
S. J. Hollensworth,3
J. B. Maginnis,3
J. L. Sweres,3
Henry Scroff,3
L. A. Martinet Virginia,3
A. V. Cooper,3
G. H. Ruffin,3
J. M. Gregory,3
W. Keats,3
G.H. Clark,3
W.G. Robinson,3
Wade,3
Freedman,3
Guiteau,3
Woolsey,3
Fred Douglass,17
R. L. Smith,17
I. B. Scott,17
Wiley,17
F. L. Lights,17
W. H. Scott,17
D. J. Starnes,17
F. O. Richardson,17
Emmett J. Scott,17
Haller,17
J. H. Garnett,17
C. M. Ferugson,17
A. A. Asbery,17
G. R. Townsend,17
J. T. Tibbett,17
L. L. Campbell,17
E. J. Scott,17
F. W. Gross,17
S. S. Campbell,17
J. R. Gibson,17
A. L. Maynard,17
M. W. Lawson,17
A. A. Simms,17
O. W. Landry,17
G. J. Starnes,17
J. W. Jamerson,17
M. M. Rogers,17
J. B. Bell,17
L. W. Baker,17
A. G. Scott,17
H. J. Mcdonald,17
W. H. Hathaway,17
W. M. Mcdonald,17
A. Asbery,17
R. B. Smith,17
L. H. Reynolds,17
L. S. Simmons,17
S. M. Balding,17
D. Webster Wilson,17
N. H. Haller,17
H. Watts,17
J. B. Scott,17
M. R. Rodgers Webb,17
V. Nora Allen,17
M. A. Jordan,17
J. C. Hester,17
D. B. Thompson,17
K. Miller,17
Marie Sharkle,17
F. I. Richardson,17
Carrie Washington,17
Hattie Johnson,17
Cora E. Moore,17
N. H. Hill,17
J. B. Raynor,17
L. Campbell,17
H. J. M'Donald,17
A. Asberry,17
J. W. Jamison,17
W. C. Cole,17
Donnell,17
Cuney,17
C. M. Ferguson,17
D. Abner,17
A. C. Coor,17
G. W. Bryant,17
J. A. L. Lowery,17
R. M. Jones,17
J. M. Benton,17
William Mcdonald,17
Robert Armstrong,17
A. A. Asberry,17
W. M. Swanson,17
E. A. Patton,17
J. C. Ellis,17
W. H. Mitchell,17
W. R. Morrow,17
W. J. Smith,17
P. H. Collier,17
J. W. Taylor,17
H. C. Bell,17
W. J. Lowery,17
F. C. Rutherford,17
T. W. Williams,17
Hays,17
A. B. Miller,17
S. Lyons,17
Rusk,17
N. B. Jenkins,17
L. C. Baker,17
H. H. Gasson,17
A. Scott,17
W. T. Brown,17
R. S. Stout,17
Emett J. Scott,17
C. N. Love,17
Baily Sparks,17
H. Lights,17
J. H. S. Gaines,17
W. C. Conway,17
C. H. Brown,17
O. T. Wilson,17
W. H. Smith,17
F. R. Richard,17
G. H. Garnett,17
J. P. Howard,17
L. R. Jones,17
R. H. Wilkerson,17
L. M. Malones,17
J. D. Payne,17
A. Thompson,17
J. H. Collins,17
J. S. Jones,17
S. Cotton,17
R. G. Hurd,17
W. E. Miller,17
H. Marshall,17
G. W. Minter,17
G. G. Winn,17
L. W. Barker,17
Thomas Taylor,17
W. D. Donells,17
D. W. Wilson,17
H. Neviells,17
A. Barber,17
N. H. Smith,17
J. S. Tibbetts,17
John Debruhl,17
F. Gray,17
W. H. Henry,17
J. H. Bandy,17
J. R. Shonon,17
D. N. Leathers,17
J. D. Pettigrew,17
D. H. Smith,17
A. Z. Wheeler,17
D. S. Ballard,17
Albert Williams,17
Nels Allerson,17
Jack Johnson,17
P. S. Peterson,17
S. H. Wheats,17
N. H. Hathaway,17
S. M. Morton,17
J. T. Holmes,17
H. P. Phenix,17
T. H. Taylor,17
J. W. Robertson,17
Louis Travis,17
John Franks,17
W. M. Dunkens,17
A. G. Hilliard,17
W. J. Stephens,17
N. W. Scott,17
E. A. Paton,17
W. M. Green,17
Hatch,17
M. M. Rodgers,17
N. C. Colwell,17
Nillie Hotson,17
Raston Daniels,17
Y. N. Johnston,17
T. H. Humphrey,17
F. Robertson,17
G. W. Money,17
W. T. Mccall,17
L. J. Laquay,17
W. T. Mccree,17
S. B. Wilson,17
W. R. Jamesison,17
Gonzales,17
M. G. Gaston,17
Green Prince,17
Sam Prince,17
Caldwell,17
W. E. Franction,17
J. C. Smith,17
C. B. Stephens,17
Sam Flood,17
A. C. Culbreath,17
H. A. Wells,17
R. A. Codwell,17
D. A. Abner,17
Travis,17
J. W. Jones,17
Kaufman,17
G. W. Jackson,17
J. J. Turner,17
J. N. Perkins,17
N. C. Carter,17
E.P. Palmer,17
M. Q. A. Fuller,17
A. B. Perkins,17
C. M. Mcphearson,17
J. L. Taylor,17
W. H. Woods,17
A. White,17
Samuel Anderson,17
Lamar,17
G. W. Guess,17
C. M. Furgerson,17
W. H. Wallace,17
A. C. Garner,17
C. C. Milligan,17
R. S. Halbredts,17
Waller,17
W. M. Alexander,17
Henry Rhone,17
Robert Hall,17
Jake Anderson,17
A. F. Freeman,17
R. L. Kilpatrick,17
T. S. Benson,17
George O. Marshall,17
George W. Mcintosh,17
C. A. Harrison,17
R. L. Isaacs,17
Charles Towell,17
D. L. Whitney,17
Henry Green,17
T. J. Gibbon,17
Charles Ferrel,17
B. H. Grimes,17
J. H. Crawford,17
N. E. Miller,17
D. J. B. Scott,17
G. W. Tillery,17
A. L. Asberry,17
G. T. Haynes,17
W. H. Green,17
M. R. Rogers Webb,17
F. L. Kealan,17
Pauline Green,17
Sadie Nelson,17
M. B. Brown,17
Maggie Ropen,17
J. H. Garnet,17
